"YEAR","TRIP_ID","SET_ID","BECKET","TRAP","total_count"
2010,70787,1,1,1,8
2010,70787,1,2,2,7
2010,70787,1,3,3,10
2010,70787,1,4,4,16
2010,70787,1,5,5,11
2010,70787,1,6,6,6
2010,70787,1,7,7,8
2010,70787,1,8,8,8
2010,70787,1,9,9,4
2010,70787,1,10,10,7
2010,70787,1,11,11,4
2010,70787,1,12,12,3
2010,70787,1,13,13,6
2010,70787,1,14,14,5
2010,70787,1,15,15,1
2010,70787,1,16,16,7
2010,70787,1,17,17,4
2010,70787,1,18,18,2
2010,70787,1,19,19,8
2010,70787,1,20,20,11
2010,70787,1,21,21,5
2010,70787,1,22,22,4
2010,70787,1,23,23,6
2010,70787,1,24,24,1
2010,70787,1,25,25,10
2010,70787,2,1,1,12
2010,70787,2,2,2,15
2010,70787,2,3,3,7
2010,70787,2,4,4,12
2010,70787,2,5,5,10
2010,70787,2,6,6,12
2010,70787,2,7,7,3
2010,70787,2,8,8,5
2010,70787,2,9,9,2
2010,70787,2,10,10,4
2010,70787,2,11,11,9
2010,70787,2,12,12,1
2010,70787,2,13,13,4
2010,70787,2,14,14,2
2010,70787,2,15,15,2
2010,70787,2,16,16,1
2010,70787,2,17,17,3
2010,70787,2,18,18,1
2010,70787,2,19,19,4
2010,70787,2,20,20,15
2010,70787,2,21,21,6
2010,70787,2,22,22,15
2010,70787,2,23,23,9
2010,70787,2,24,24,3
2010,70787,2,25,25,15
2010,70787,3,1,1,
2010,70787,3,2,2,3
2010,70787,3,3,3,3
2010,70787,3,4,4,4
2010,70787,3,5,5,7
2010,70787,3,6,6,8
2010,70787,3,7,7,5
2010,70787,3,8,8,17
2010,70787,3,9,9,6
2010,70787,3,10,10,5
2010,70787,3,11,11,
2010,70787,3,12,12,9
2010,70787,3,13,13,11
2010,70787,3,14,14,2
2010,70787,3,15,15,2
2010,70787,3,16,16,1
2010,70787,3,17,17,2
2010,70787,3,18,18,9
2010,70787,3,19,19,7
2010,70787,3,20,20,
2010,70787,3,21,21,9
2010,70787,3,22,22,
2010,70787,3,23,23,
2010,70787,3,24,24,
2010,70787,3,25,25,
2010,70787,4,1,1,1
2010,70787,4,2,2,5
2010,70787,4,3,3,
2010,70787,4,4,4,
2010,70787,4,5,5,6
2010,70787,4,6,6,
2010,70787,4,7,7,5
2010,70787,4,8,8,
2010,70787,4,9,9,
2010,70787,4,10,10,6
2010,70787,4,11,11,10
2010,70787,4,12,12,1
2010,70787,4,13,13,
2010,70787,4,14,14,2
2010,70787,4,15,15,
2010,70787,4,16,16,1
2010,70787,4,17,17,2
2010,70787,4,18,18,
2010,70787,4,19,19,
2010,70787,4,20,20,1
2010,70787,4,21,21,
2010,70787,4,22,22,1
2010,70787,4,23,23,
2010,70787,4,24,24,2
2010,70787,4,25,25,1
2010,70787,5,1,1,2
2010,70787,5,2,2,1
2010,70787,5,3,3,5
2010,70787,5,4,4,2
2010,70787,5,5,5,2
2010,70787,5,6,6,
2010,70787,5,7,7,
2010,70787,5,8,8,3
2010,70787,5,9,9,3
2010,70787,5,10,10,6
2010,70787,5,11,11,8
2010,70787,5,12,12,2
2010,70787,5,13,13,2
2010,70787,5,14,14,
2010,70787,5,15,15,
2010,70787,5,16,16,3
2010,70787,5,17,17,3
2010,70787,5,18,18,
2010,70787,5,19,19,4
2010,70787,5,20,20,3
2010,70787,5,21,21,2
2010,70787,5,22,22,
2010,70787,5,23,23,6
2010,70787,5,24,24,2
2010,70787,5,25,25,
2010,70787,6,1,1,1
2010,70787,6,2,2,
2010,70787,6,3,3,2
2010,70787,6,4,4,
2010,70787,6,5,5,2
2010,70787,6,6,6,2
2010,70787,6,7,7,2
2010,70787,6,8,8,
2010,70787,6,9,9,2
2010,70787,6,10,10,1
2010,70787,6,11,11,4
2010,70787,6,12,12,3
2010,70787,6,13,13,
2010,70787,6,14,14,
2010,70787,6,15,15,3
2010,70787,6,16,16,4
2010,70787,6,17,17,9
2010,70787,6,18,18,4
2010,70787,6,19,19,7
2010,70787,6,20,20,2
2010,70787,6,21,21,
2010,70787,6,22,22,1
2010,70787,6,23,23,9
2010,70787,6,24,24,7
2010,70787,6,25,25,3
2010,70787,7,1,1,8
2010,70787,7,2,2,9
2010,70787,7,3,3,11
2010,70787,7,4,4,17
2010,70787,7,5,5,8
2010,70787,7,6,6,9
2010,70787,7,7,7,18
2010,70787,7,8,8,6
2010,70787,7,9,9,12
2010,70787,7,10,10,17
2010,70787,7,11,11,15
2010,70787,7,12,12,6
2010,70787,7,13,13,8
2010,70787,7,14,14,6
2010,70787,7,15,15,17
2010,70787,7,16,16,4
2010,70787,7,17,17,4
2010,70787,7,18,18,7
2010,70787,7,19,19,4
2010,70787,7,20,20,11
2010,70787,7,21,21,6
2010,70787,7,22,22,6
2010,70787,7,23,23,7
2010,70787,7,24,24,10
2010,70787,7,25,25,5
2010,70787,8,1,1,4
2010,70787,8,2,2,7
2010,70787,8,4,4,15
2010,70787,8,5,5,26
2010,70787,8,6,6,5
2010,70787,8,7,7,6
2010,70787,8,8,8,3
2010,70787,8,9,9,8
2010,70787,8,10,10,10
2010,70787,8,11,11,13
2010,70787,8,12,12,11
2010,70787,8,13,13,27
2010,70787,8,14,14,11
2010,70787,8,15,15,25
2010,70787,8,16,16,21
2010,70787,8,17,17,9
2010,70787,8,18,18,18
2010,70787,8,19,19,16
2010,70787,8,20,20,27
2010,70787,8,21,21,15
2010,70787,8,22,22,17
2010,70787,8,23,23,25
2010,70787,8,24,24,13
2010,70787,8,25,25,8
2010,70787,9,1,1,13
2010,70787,9,2,2,22
2010,70787,9,3,3,19
2010,70787,9,4,4,23
2010,70787,9,5,5,17
2010,70787,9,6,6,12
2010,70787,9,7,7,12
2010,70787,9,8,8,15
2010,70787,9,9,9,4
2010,70787,9,10,10,9
2010,70787,9,11,11,14
2010,70787,9,12,12,17
2010,70787,9,13,13,3
2010,70787,9,14,14,9
2010,70787,9,15,15,6
2010,70787,9,16,16,22
2010,70787,9,17,17,5
2010,70787,9,18,18,13
2010,70787,9,19,19,23
2010,70787,9,20,20,35
2010,70787,9,21,21,26
2010,70787,9,22,22,39
2010,70787,9,23,23,49
2010,70787,9,24,24,31
2010,70787,9,25,25,26
2010,70787,10,1,1,2
2010,70787,10,2,2,2
2010,70787,10,3,3,4
2010,70787,10,4,4,10
2010,70787,10,5,5,14
2010,70787,10,6,6,16
2010,70787,10,7,7,12
2010,70787,10,8,8,35
2010,70787,10,9,9,11
2010,70787,10,10,10,10
2010,70787,10,11,11,19
2010,70787,10,12,12,5
2010,70787,10,13,13,11
2010,70787,10,14,14,7
2010,70787,10,15,15,6
2010,70787,10,16,16,6
2010,70787,10,17,17,4
2010,70787,10,18,18,10
2010,70787,10,19,19,8
2010,70787,10,20,20,6
2010,70787,10,21,21,17
2010,70787,10,22,22,16
2010,70787,10,23,23,19
2010,70787,10,24,24,8
2010,70787,10,25,25,3
2010,70787,11,1,1,4
2010,70787,11,2,2,10
2010,70787,11,3,3,15
2010,70787,11,4,4,19
2010,70787,11,5,5,20
2010,70787,11,6,6,31
2010,70787,11,7,7,12
2010,70787,11,8,8,6
2010,70787,11,9,9,24
2010,70787,11,10,10,8
2010,70787,11,11,11,7
2010,70787,11,12,12,9
2010,70787,11,13,13,2
2010,70787,11,14,14,9
2010,70787,11,15,15,10
2010,70787,11,16,16,11
2010,70787,11,17,17,11
2010,70787,11,18,18,11
2010,70787,11,19,19,30
2010,70787,11,20,20,11
2010,70787,11,21,21,22
2010,70787,11,22,22,8
2010,70787,11,23,23,6
2010,70787,11,24,24,7
2010,70787,11,25,25,10
2010,70787,12,1,1,13
2010,70787,12,2,2,13
2010,70787,12,3,3,4
2010,70787,12,4,4,2
2010,70787,12,5,5,5
2010,70787,12,6,6,14
2010,70787,12,7,7,3
2010,70787,12,8,8,1
2010,70787,12,9,9,1
2010,70787,12,10,10,5
2010,70787,12,11,11,6
2010,70787,12,12,12,4
2010,70787,12,13,13,11
2010,70787,12,14,14,5
2010,70787,12,15,15,2
2010,70787,12,16,16,1
2010,70787,12,17,17,1
2010,70787,12,18,18,3
2010,70787,12,19,19,1
2010,70787,12,20,20,5
2010,70787,12,21,21,8
2010,70787,12,22,22,19
2010,70787,12,23,23,7
2010,70787,12,24,24,16
2010,70787,12,25,25,7
2010,70787,13,1,1,6
2010,70787,13,2,2,4
2010,70787,13,3,3,3
2010,70787,13,4,4,17
2010,70787,13,5,5,5
2010,70787,13,6,6,1
2010,70787,13,7,7,28
2010,70787,13,8,8,7
2010,70787,13,9,9,5
2010,70787,13,10,10,1
2010,70787,13,11,11,9
2010,70787,13,12,12,13
2010,70787,13,13,13,5
2010,70787,13,14,14,2
2010,70787,13,15,15,5
2010,70787,13,16,16,6
2010,70787,13,17,17,7
2010,70787,13,18,18,4
2010,70787,13,19,19,6
2010,70787,13,20,20,10
2010,70787,13,21,21,18
2010,70787,13,22,22,3
2010,70787,13,23,23,6
2010,70787,13,24,24,11
2010,70787,13,25,25,16
2010,70787,14,1,1,3
2010,70787,14,2,2,2
2010,70787,14,3,3,2
2010,70787,14,4,4,1
2010,70787,14,5,5,2
2010,70787,14,6,6,3
2010,70787,14,7,7,4
2010,70787,14,8,8,1
2010,70787,14,9,9,4
2010,70787,14,10,10,4
2010,70787,14,11,11,2
2010,70787,14,12,12,1
2010,70787,14,13,13,5
2010,70787,14,14,14,4
2010,70787,14,15,15,2
2010,70787,14,16,16,2
2010,70787,14,17,17,3
2010,70787,14,18,18,10
2010,70787,14,19,19,1
2010,70787,14,20,20,12
2010,70787,14,21,21,5
2010,70787,14,22,22,6
2010,70787,14,23,23,6
2010,70787,14,24,24,3
2010,70787,14,25,25,11
2010,70787,15,1,1,2
2010,70787,15,2,2,19
2010,70787,15,3,3,7
2010,70787,15,4,4,2
2010,70787,15,5,5,5
2010,70787,15,6,6,9
2010,70787,15,7,7,16
2010,70787,15,8,8,11
2010,70787,15,9,9,14
2010,70787,15,10,10,11
2010,70787,15,11,11,13
2010,70787,15,12,12,10
2010,70787,15,13,13,
2010,70787,15,14,14,17
2010,70787,15,15,15,9
2010,70787,15,16,16,
2010,70787,15,17,17,8
2010,70787,15,18,18,12
2010,70787,15,19,19,4
2010,70787,15,20,20,7
2010,70787,15,21,21,12
2010,70787,15,22,22,4
2010,70787,15,23,23,3
2010,70787,15,24,24,7
2010,70787,15,25,25,4
2010,70787,16,1,1,2
2010,70787,16,2,2,8
2010,70787,16,3,3,20
2010,70787,16,4,4,12
2010,70787,16,5,5,29
2010,70787,16,6,6,8
2010,70787,16,7,7,26
2010,70787,16,8,8,27
2010,70787,16,9,9,1
2010,70787,16,10,10,10
2010,70787,16,11,11,4
2010,70787,16,12,12,28
2010,70787,16,13,13,1
2010,70787,16,14,14,12
2010,70787,16,15,15,47
2010,70787,16,16,16,2
2010,70787,16,17,17,1
2010,70787,16,18,18,
2010,70787,16,19,19,13
2010,70787,16,20,20,7
2010,70787,16,21,21,
2010,70787,16,22,22,6
2010,70787,16,23,23,41
2010,70787,16,24,24,3
2010,70787,16,25,25,2
2010,70787,17,1,1,2
2010,70787,17,2,2,3
2010,70787,17,3,3,2
2010,70787,17,4,4,2
2010,70787,17,5,5,
2010,70787,17,6,6,1
2010,70787,17,7,7,
2010,70787,17,8,8,3
2010,70787,17,9,9,
2010,70787,17,10,10,
2010,70787,17,11,11,
2010,70787,17,12,12,2
2010,70787,17,13,13,
2010,70787,17,14,14,
2010,70787,17,15,15,2
2010,70787,17,16,16,1
2010,70787,17,17,17,
2010,70787,17,18,18,
2010,70787,17,19,19,4
2010,70787,17,20,20,
2010,70787,17,21,21,
2010,70787,17,22,22,
2010,70787,17,23,23,
2010,70787,17,24,24,
2010,70787,17,25,25,2
2010,70787,18,1,1,60
2010,70787,18,2,2,40
2010,70787,18,3,3,21
2010,70787,18,4,4,22
2010,70787,18,5,5,18
2010,70787,18,6,6,26
2010,70787,18,7,7,28
2010,70787,18,8,8,38
2010,70787,18,9,9,21
2010,70787,18,10,10,29
2010,70787,18,11,11,23
2010,70787,18,12,12,34
2010,70787,18,13,13,24
2010,70787,18,14,14,21
2010,70787,18,15,15,21
2010,70787,18,16,16,16
2010,70787,18,17,17,16
2010,70787,18,18,18,21
2010,70787,18,19,19,14
2010,70787,18,20,20,13
2010,70787,18,21,21,26
2010,70787,18,22,22,42
2010,70787,18,23,23,18
2010,70787,18,24,24,16
2010,70787,18,25,25,16
2010,70787,19,1,1,25
2010,70787,19,2,2,41
2010,70787,19,3,3,18
2010,70787,19,4,4,8
2010,70787,19,5,5,38
2010,70787,19,6,6,26
2010,70787,19,7,7,41
2010,70787,19,8,8,8
2010,70787,19,9,9,16
2010,70787,19,10,10,39
2010,70787,19,11,11,34
2010,70787,19,12,12,21
2010,70787,19,13,13,35
2010,70787,19,14,14,26
2010,70787,19,15,15,29
2010,70787,19,16,16,29
2010,70787,19,17,17,29
2010,70787,19,18,18,32
2010,70787,19,19,19,48
2010,70787,19,20,20,43
2010,70787,19,21,21,72
2010,70787,19,22,22,47
2010,70787,19,23,23,33
2010,70787,19,24,24,31
2010,70787,19,25,25,
2010,70787,20,1,1,23
2010,70787,20,2,2,30
2010,70787,20,3,3,38
2010,70787,20,4,4,
2010,70787,20,5,5,33
2010,70787,20,6,6,9
2010,70787,20,7,7,14
2010,70787,20,8,8,21
2010,70787,20,9,9,17
2010,70787,20,10,10,15
2010,70787,20,11,11,21
2010,70787,20,12,12,19
2010,70787,20,13,13,22
2010,70787,20,14,14,10
2010,70787,20,15,15,
2010,70787,20,16,16,14
2010,70787,20,17,17,23
2010,70787,20,18,18,3
2010,70787,20,19,19,3
2010,70787,20,20,20,17
2010,70787,20,21,21,8
2010,70787,20,22,22,9
2010,70787,20,23,23,4
2010,70787,20,24,24,5
2010,70787,20,25,25,14
2010,70787,21,1,1,2
2010,70787,21,2,2,1
2010,70787,21,3,3,9
2010,70787,21,4,4,2
2010,70787,21,5,5,2
2010,70787,21,6,6,4
2010,70787,21,7,7,2
2010,70787,21,8,8,1
2010,70787,21,9,9,2
2010,70787,21,10,10,2
2010,70787,21,11,11,11
2010,70787,21,12,12,14
2010,70787,21,13,13,4
2010,70787,21,14,14,16
2010,70787,21,15,15,8
2010,70787,21,16,16,9
2010,70787,21,17,17,12
2010,70787,21,18,18,
2010,70787,21,19,19,15
2010,70787,21,20,20,2
2010,70787,21,21,21,5
2010,70787,21,22,22,3
2010,70787,21,23,23,10
2010,70787,21,24,24,7
2010,70787,21,25,25,5
2010,70787,22,1,1,13
2010,70787,22,2,2,27
2010,70787,22,3,3,11
2010,70787,22,4,4,15
2010,70787,22,5,5,21
2010,70787,22,6,6,22
2010,70787,22,7,7,19
2010,70787,22,8,8,22
2010,70787,22,9,9,33
2010,70787,22,10,10,20
2010,70787,22,11,11,24
2010,70787,22,12,12,15
2010,70787,22,13,13,20
2010,70787,22,14,14,17
2010,70787,22,15,15,47
2010,70787,22,16,16,30
2010,70787,22,17,17,20
2010,70787,22,18,18,20
2010,70787,22,19,19,24
2010,70787,22,20,20,26
2010,70787,22,21,21,16
2010,70787,22,22,22,32
2010,70787,22,23,23,22
2010,70787,22,24,24,35
2010,70787,22,25,25,16
2010,70787,23,1,1,
2010,70787,23,2,2,8
2010,70787,23,3,3,2
2010,70787,23,4,4,2
2010,70787,23,5,5,7
2010,70787,23,6,6,7
2010,70787,23,7,7,2
2010,70787,23,8,8,1
2010,70787,23,9,9,2
2010,70787,23,10,10,2
2010,70787,23,11,11,1
2010,70787,23,12,12,3
2010,70787,23,13,13,
2010,70787,23,14,14,
2010,70787,23,15,15,2
2010,70787,23,16,16,4
2010,70787,23,17,17,
2010,70787,23,18,18,2
2010,70787,23,19,19,
2010,70787,23,20,20,4
2010,70787,23,21,21,2
2010,70787,23,22,22,1
2010,70787,23,23,23,
2010,70787,23,24,24,
2010,70787,24,1,1,2
2010,70787,24,2,2,
2010,70787,24,3,3,
2010,70787,24,4,4,
2010,70787,24,5,5,
2010,70787,24,6,6,
2010,70787,24,7,7,
2010,70787,24,8,8,1
2010,70787,24,9,9,3
2010,70787,24,10,10,
2010,70787,24,11,11,3
2010,70787,24,12,12,1
2010,70787,24,13,13,
2010,70787,24,14,14,
2010,70787,24,15,15,
2010,70787,24,16,16,2
2010,70787,24,17,17,1
2010,70787,24,18,18,
2010,70787,24,19,19,
2010,70787,24,20,20,
2010,70787,24,21,21,1
2010,70787,24,22,22,
2010,70787,24,23,23,1
2010,70787,24,24,24,1
2010,70787,24,25,25,
2010,70787,25,1,1,12
2010,70787,25,2,2,5
2010,70787,25,3,3,7
2010,70787,25,4,4,3
2010,70787,25,5,5,27
2010,70787,25,6,6,41
2010,70787,25,7,7,20
2010,70787,25,8,8,26
2010,70787,25,9,9,9
2010,70787,25,10,10,6
2010,70787,25,11,11,26
2010,70787,25,12,12,36
2010,70787,25,13,13,20
2010,70787,25,14,14,20
2010,70787,25,15,15,22
2010,70787,25,16,16,13
2010,70787,25,17,17,50
2010,70787,25,18,18,22
2010,70787,25,19,19,32
2010,70787,25,20,20,34
2010,70787,25,21,21,25
2010,70787,25,22,22,26
2010,70787,25,23,23,34
2010,70787,25,24,24,35
2010,70787,25,25,25,29
2010,70787,26,1,1,2
2010,70787,26,2,2,2
2010,70787,26,3,3,4
2010,70787,26,4,4,1
2010,70787,26,5,5,3
2010,70787,26,6,6,1
2010,70787,26,7,7,
2010,70787,26,8,8,1
2010,70787,26,9,9,2
2010,70787,26,10,10,
2010,70787,26,11,11,1
2010,70787,26,12,12,6
2010,70787,26,13,13,
2010,70787,26,14,14,3
2010,70787,26,15,15,1
2010,70787,26,16,16,
2010,70787,26,17,17,
2010,70787,26,18,18,
2010,70787,26,19,19,
2010,70787,26,20,20,
2010,70787,26,21,21,
2010,70787,26,22,22,
2010,70787,26,23,23,
2010,70787,26,24,24,3
2010,70787,26,25,25,1
2010,70787,27,1,1,
2010,70787,27,2,2,1
2010,70787,27,3,3,
2010,70787,27,4,4,
2010,70787,27,5,5,1
2010,70787,27,6,6,1
2010,70787,27,7,7,
2010,70787,27,8,8,
2010,70787,27,9,9,
2010,70787,27,10,10,2
2010,70787,27,11,11,
2010,70787,27,12,12,
2010,70787,27,13,13,
2010,70787,27,14,14,
2010,70787,27,15,15,1
2010,70787,27,16,16,1
2010,70787,27,17,17,
2010,70787,27,18,18,
2010,70787,27,19,19,
2010,70787,27,20,20,
2010,70787,27,21,21,
2010,70787,27,22,22,
2010,70787,27,23,23,1
2010,70787,27,24,24,
2010,70787,27,25,25,
2010,70787,28,1,1,7
2010,70787,28,2,2,
2010,70787,28,3,3,1
2010,70787,28,4,4,4
2010,70787,28,5,5,11
2010,70787,28,6,6,9
2010,70787,28,7,7,7
2010,70787,28,8,8,4
2010,70787,28,9,9,22
2010,70787,28,10,10,11
2010,70787,28,11,11,15
2010,70787,28,12,12,5
2010,70787,28,13,13,12
2010,70787,28,14,14,4
2010,70787,28,15,15,10
2010,70787,28,16,16,4
2010,70787,28,17,17,3
2010,70787,28,18,18,14
2010,70787,28,19,19,1
2010,70787,28,20,20,4
2010,70787,28,21,21,3
2010,70787,28,22,22,3
2010,70787,28,23,23,2
2010,70787,28,24,24,8
2010,70787,28,25,25,4
2010,70787,29,1,1,2
2010,70787,29,2,2,2
2010,70787,29,3,3,2
2010,70787,29,4,4,8
2010,70787,29,5,5,13
2010,70787,29,6,6,
2010,70787,29,7,7,1
2010,70787,29,8,8,3
2010,70787,29,9,9,6
2010,70787,29,10,10,1
2010,70787,29,11,11,
2010,70787,29,12,12,8
2010,70787,29,13,13,1
2010,70787,29,14,14,3
2010,70787,29,15,15,1
2010,70787,29,16,16,1
2010,70787,29,17,17,
2010,70787,29,18,18,1
2010,70787,29,19,19,
2010,70787,29,20,20,
2010,70787,29,21,21,
2010,70787,29,22,22,
2010,70787,29,23,23,
2010,70787,29,24,24,
2010,70787,29,25,25,
2010,70787,30,1,1,
2010,70787,30,2,2,3
2010,70787,30,3,3,
2010,70787,30,4,4,1
2010,70787,30,5,5,1
2010,70787,30,6,6,
2010,70787,30,7,7,
2010,70787,30,8,8,3
2010,70787,30,9,9,
2010,70787,30,10,10,
2010,70787,30,11,11,
2010,70787,30,12,12,
2010,70787,30,13,13,
2010,70787,30,14,14,
2010,70787,30,15,15,
2010,70787,30,16,16,
2010,70787,30,17,17,
2010,70787,30,18,18,
2010,70787,30,19,19,
2010,70787,30,20,20,
2010,70787,30,21,21,
2010,70787,30,22,22,2
2010,70787,30,23,23,
2010,70787,30,24,24,
2010,70787,30,25,25,
2010,70787,31,1,1,4
2010,70787,31,2,2,1
2010,70787,31,3,3,3
2010,70787,31,4,4,3
2010,70787,31,5,5,5
2010,70787,31,6,6,2
2010,70787,31,7,7,7
2010,70787,31,8,8,3
2010,70787,31,9,9,4
2010,70787,31,10,10,4
2010,70787,31,11,11,1
2010,70787,31,12,12,4
2010,70787,31,13,13,5
2010,70787,31,14,14,1
2010,70787,31,15,15,7
2010,70787,31,16,16,3
2010,70787,31,17,17,1
2010,70787,31,18,18,2
2010,70787,31,19,19,8
2010,70787,31,20,20,
2010,70787,31,21,21,1
2010,70787,31,22,22,
2010,70787,31,23,23,5
2010,70787,31,24,24,2
2010,70787,31,25,25,1
2010,70787,32,1,1,7
2010,70787,32,2,2,
2010,70787,32,3,3,6
2010,70787,32,4,4,18
2010,70787,32,5,5,2
2010,70787,32,6,6,5
2010,70787,32,7,7,4
2010,70787,32,8,8,7
2010,70787,32,9,9,4
2010,70787,32,10,10,11
2010,70787,32,11,11,7
2010,70787,32,12,12,7
2010,70787,32,13,13,9
2010,70787,32,14,14,4
2010,70787,32,15,15,3
2010,70787,32,16,16,2
2010,70787,32,17,17,10
2010,70787,32,18,18,9
2010,70787,32,19,19,2
2010,70787,32,20,20,9
2010,70787,32,21,21,3
2010,70787,32,22,22,5
2010,70787,32,23,23,4
2010,70787,32,24,24,9
2010,70787,32,25,25,6
2010,70787,33,1,1,3
2010,70787,33,2,2,
2010,70787,33,3,3,1
2010,70787,33,4,4,
2010,70787,33,5,5,7
2010,70787,33,6,6,1
2010,70787,33,7,7,1
2010,70787,33,8,8,6
2010,70787,33,9,9,3
2010,70787,33,10,10,1
2010,70787,33,11,11,
2010,70787,33,12,12,
2010,70787,33,13,13,1
2010,70787,33,14,14,
2010,70787,33,15,15,3
2010,70787,33,16,16,1
2010,70787,33,17,17,
2010,70787,33,18,18,2
2010,70787,33,19,19,1
2010,70787,33,20,20,
2010,70787,33,21,21,3
2010,70787,33,22,22,4
2010,70787,33,23,23,5
2010,70787,33,24,24,
2010,70787,33,25,25,3
2010,70787,34,1,1,16
2010,70787,34,2,2,3
2010,70787,34,3,3,3
2010,70787,34,4,4,5
2010,70787,34,5,5,3
2010,70787,34,6,6,11
2010,70787,34,7,7,8
2010,70787,34,8,8,11
2010,70787,34,9,9,11
2010,70787,34,10,10,6
2010,70787,34,11,11,8
2010,70787,34,12,12,2
2010,70787,34,13,13,10
2010,70787,34,14,14,10
2010,70787,34,15,15,3
2010,70787,34,16,16,3
2010,70787,34,17,17,3
2010,70787,34,18,18,
2010,70787,34,19,19,1
2010,70787,34,20,20,
2010,70787,34,21,21,
2010,70787,34,22,22,2
2010,70787,34,23,23,2
2010,70787,34,24,24,7
2010,70787,34,25,25,4
2010,70787,35,1,1,15
2010,70787,35,2,2,3
2010,70787,35,3,3,10
2010,70787,35,4,4,6
2010,70787,35,5,5,9
2010,70787,35,6,6,18
2010,70787,35,7,7,14
2010,70787,35,8,8,10
2010,70787,35,9,9,22
2010,70787,35,10,10,7
2010,70787,35,11,11,11
2010,70787,35,12,12,23
2010,70787,35,13,13,26
2010,70787,35,14,14,12
2010,70787,35,15,15,18
2010,70787,35,16,16,10
2010,70787,35,17,17,9
2010,70787,35,18,18,13
2010,70787,35,19,19,21
2010,70787,35,20,20,10
2010,70787,35,21,21,17
2010,70787,35,22,22,38
2010,70787,35,23,23,14
2010,70787,35,24,24,14
2010,70787,35,25,25,8
2010,70787,36,1,1,1
2010,70787,36,2,2,7
2010,70787,36,3,3,5
2010,70787,36,4,4,6
2010,70787,36,5,5,
2010,70787,36,6,6,1
2010,70787,36,7,7,16
2010,70787,36,8,8,
2010,70787,36,9,9,3
2010,70787,36,10,10,1
2010,70787,36,11,11,7
2010,70787,36,12,12,3
2010,70787,36,13,13,3
2010,70787,36,14,14,
2010,70787,36,15,15,7
2010,70787,36,16,16,
2010,70787,36,17,17,17
2010,70787,36,18,18,
2010,70787,36,19,19,
2010,70787,36,20,20,2
2010,70787,36,21,21,7
2010,70787,36,22,22,8
2010,70787,36,23,23,10
2010,70787,36,24,24,7
2010,70787,36,25,25,17
2010,70787,37,1,1,4
2010,70787,37,2,2,
2010,70787,37,3,3,1
2010,70787,37,4,4,5
2010,70787,37,5,5,
2010,70787,37,6,6,
2010,70787,37,7,7,
2010,70787,37,8,8,13
2010,70787,37,9,9,5
2010,70787,37,10,10,9
2010,70787,37,11,11,
2010,70787,37,12,12,2
2010,70787,37,13,13,19
2010,70787,37,14,14,1
2010,70787,37,15,15,3
2010,70787,37,16,16,1
2010,70787,37,17,17,
2010,70787,37,18,18,2
2010,70787,37,19,19,10
2010,70787,37,20,20,
2010,70787,37,21,21,
2010,70787,37,22,22,3
2010,70787,37,23,23,
2010,70787,37,24,24,
2010,70787,37,25,25,3
2010,70787,38,1,1,3
2010,70787,38,2,2,6
2010,70787,38,3,3,9
2010,70787,38,4,4,4
2010,70787,38,5,5,6
2010,70787,38,6,6,15
2010,70787,38,7,7,12
2010,70787,38,8,8,
2010,70787,38,9,9,
2010,70787,38,10,10,1
2010,70787,38,11,11,3
2010,70787,38,12,12,4
2010,70787,38,13,13,15
2010,70787,38,14,14,1
2010,70787,38,15,15,
2010,70787,38,16,16,12
2010,70787,38,17,17,6
2010,70787,38,18,18,3
2010,70787,38,19,19,23
2010,70787,38,20,20,1
2010,70787,38,21,21,4
2010,70787,38,22,22,1
2010,70787,38,23,23,
2010,70787,38,24,24,3
2010,70787,38,25,25,7
2010,70787,39,1,1,11
2010,70787,39,2,2,12
2010,70787,39,3,3,21
2010,70787,39,4,4,17
2010,70787,39,5,5,1
2010,70787,39,6,6,7
2010,70787,39,7,7,13
2010,70787,39,8,8,8
2010,70787,39,9,9,16
2010,70787,39,10,10,4
2010,70787,39,11,11,7
2010,70787,39,12,12,16
2010,70787,39,13,13,5
2010,70787,39,14,14,18
2010,70787,39,15,15,6
2010,70787,39,16,16,8
2010,70787,39,17,17,10
2010,70787,39,18,18,13
2010,70787,39,19,19,1
2010,70787,39,20,20,12
2010,70787,39,21,21,8
2010,70787,39,22,22,17
2010,70787,39,23,23,15
2010,70787,39,24,24,14
2010,70787,39,25,25,10
2010,70787,40,1,1,15
2010,70787,40,2,2,8
2010,70787,40,3,3,1
2010,70787,40,4,4,4
2010,70787,40,5,5,2
2010,70787,40,6,6,4
2010,70787,40,7,7,5
2010,70787,40,8,8,
2010,70787,40,9,9,2
2010,70787,40,10,10,8
2010,70787,40,11,11,12
2010,70787,40,12,12,11
2010,70787,40,13,13,2
2010,70787,40,14,14,7
2010,70787,40,15,15,1
2010,70787,40,16,16,2
2010,70787,40,17,17,2
2010,70787,40,18,18,4
2010,70787,40,19,19,6
2010,70787,40,20,20,
2010,70787,40,21,21,7
2010,70787,40,22,22,3
2010,70787,40,23,23,10
2010,70787,40,24,24,
2010,70787,40,25,25,12
2010,70787,41,1,1,10
2010,70787,41,2,2,4
2010,70787,41,3,3,4
2010,70787,41,4,4,13
2010,70787,41,5,5,17
2010,70787,41,6,6,7
2010,70787,41,7,7,1
2010,70787,41,8,8,7
2010,70787,41,9,9,19
2010,70787,41,10,10,11
2010,70787,41,11,11,11
2010,70787,41,12,12,19
2010,70787,41,13,13,17
2010,70787,41,14,14,11
2010,70787,41,15,15,11
2010,70787,41,16,16,17
2010,70787,41,17,17,15
2010,70787,41,18,18,18
2010,70787,41,19,19,10
2010,70787,41,20,20,11
2010,70787,41,21,21,7
2010,70787,41,22,22,10
2010,70787,41,23,23,6
2010,70787,41,24,24,4
2010,70787,41,25,25,3
2010,70787,42,1,1,12
2010,70787,42,2,2,11
2010,70787,42,3,3,11
2010,70787,42,4,4,11
2010,70787,42,5,5,8
2010,70787,42,6,6,19
2010,70787,42,7,7,13
2010,70787,42,8,8,12
2010,70787,42,9,9,12
2010,70787,42,10,10,10
2010,70787,42,11,11,
2010,70787,42,12,12,10
2010,70787,42,13,13,13
2010,70787,42,14,14,6
2010,70787,42,15,15,9
2010,70787,42,16,16,14
2010,70787,42,17,17,7
2010,70787,42,18,18,17
2010,70787,42,19,19,10
2010,70787,42,20,20,5
2010,70787,42,21,21,9
2010,70787,42,22,22,12
2010,70787,42,23,23,8
2010,70787,42,24,24,13
2010,70787,42,25,25,6
2010,70787,43,1,1,9
2010,70787,43,2,2,11
2010,70787,43,3,3,6
2010,70787,43,4,4,4
2010,70787,43,5,5,5
2010,70787,43,6,6,12
2010,70787,43,7,7,10
2010,70787,43,8,8,20
2010,70787,43,9,9,12
2010,70787,43,10,10,26
2010,70787,43,11,11,23
2010,70787,43,12,12,14
2010,70787,43,13,13,23
2010,70787,43,14,14,12
2010,70787,43,15,15,13
2010,70787,43,16,16,1
2010,70787,43,17,17,12
2010,70787,43,18,18,4
2010,70787,43,19,19,25
2010,70787,43,20,20,22
2010,70787,43,21,21,6
2010,70787,43,22,22,4
2010,70787,43,23,23,11
2010,70787,43,24,24,7
2010,70787,43,25,25,19
2010,70787,44,1,1,
2010,70787,44,2,2,
2010,70787,44,3,3,2
2010,70787,44,4,4,
2010,70787,44,5,5,
2010,70787,44,6,6,
2010,70787,44,7,7,
2010,70787,44,8,8,5
2010,70787,44,9,9,
2010,70787,44,10,10,2
2010,70787,44,11,11,
2010,70787,44,12,12,1
2010,70787,44,13,13,
2010,70787,44,14,14,
2010,70787,44,15,15,
2010,70787,44,16,16,2
2010,70787,44,17,17,
2010,70787,44,18,18,1
2010,70787,44,19,19,
2010,70787,44,20,20,1
2010,70787,44,21,21,
2010,70787,44,22,22,1
2010,70787,44,23,23,4
2010,70787,44,24,24,
2010,70787,44,25,25,8
2010,70787,45,1,1,
2010,70787,45,2,2,1
2010,70787,45,3,3,2
2010,70787,45,4,4,3
2010,70787,45,5,5,
2010,70787,45,6,6,2
2010,70787,45,7,7,1
2010,70787,45,8,8,
2010,70787,45,9,9,
2010,70787,45,10,10,7
2010,70787,45,11,11,2
2010,70787,45,12,12,1
2010,70787,45,13,13,
2010,70787,45,14,14,2
2010,70787,45,15,15,
2010,70787,45,16,16,4
2010,70787,45,17,17,2
2010,70787,45,18,18,5
2010,70787,45,19,19,
2010,70787,45,20,20,1
2010,70787,45,21,21,5
2010,70787,45,22,22,1
2010,70787,45,23,23,2
2010,70787,45,24,24,2
2010,70787,45,25,25,
2010,70787,46,1,1,
2010,70787,46,2,2,1
2010,70787,46,3,3,1
2010,70787,46,4,4,1
2010,70787,46,5,5,
2010,70787,46,6,6,
2010,70787,46,7,7,8
2010,70787,46,8,8,
2010,70787,46,9,9,
2010,70787,46,10,10,2
2010,70787,46,11,11,8
2010,70787,46,12,12,4
2010,70787,46,13,13,7
2010,70787,46,14,14,2
2010,70787,46,15,15,
2010,70787,46,16,16,1
2010,70787,46,17,17,
2010,70787,46,18,18,
2010,70787,46,19,19,2
2010,70787,46,20,20,
2010,70787,46,21,21,10
2010,70787,46,22,22,1
2010,70787,46,23,23,1
2010,70787,46,24,24,
2010,70787,46,25,25,
2010,70787,47,1,1,
2010,70787,47,2,2,3
2010,70787,47,3,3,12
2010,70787,47,4,4,9
2010,70787,47,5,5,9
2010,70787,47,6,6,16
2010,70787,47,7,7,6
2010,70787,47,8,8,8
2010,70787,47,9,9,2
2010,70787,47,10,10,11
2010,70787,47,11,11,11
2010,70787,47,12,12,3
2010,70787,47,13,13,3
2010,70787,47,14,14,2
2010,70787,47,15,15,8
2010,70787,47,16,16,12
2010,70787,47,18,18,5
2010,70787,47,19,19,8
2010,70787,47,20,20,3
2010,70787,47,21,21,1
2010,70787,47,22,22,13
2010,70787,47,23,23,3
2010,70787,47,24,24,9
2010,70787,47,25,25,5
2010,70787,48,1,1,1
2010,70787,48,2,2,
2010,70787,48,3,3,1
2010,70787,48,4,4,
2010,70787,48,5,5,
2010,70787,48,6,6,1
2010,70787,48,7,7,
2010,70787,48,8,8,
2010,70787,48,9,9,1
2010,70787,48,10,10,
2010,70787,48,11,11,1
2010,70787,48,12,12,1
2010,70787,48,13,13,2
2010,70787,48,14,14,
2010,70787,48,15,15,1
2010,70787,48,16,16,
2010,70787,48,17,17,4
2010,70787,48,18,18,5
2010,70787,48,19,19,4
2010,70787,48,20,20,2
2010,70787,48,21,21,
2010,70787,48,22,22,4
2010,70787,48,23,23,5
2010,70787,48,24,24,6
2010,70787,48,25,25,
2010,70787,49,1,1,8
2010,70787,49,2,2,3
2010,70787,49,3,3,4
2010,70787,49,4,4,12
2010,70787,49,5,5,1
2010,70787,49,6,6,22
2010,70787,49,7,7,12
2010,70787,49,8,8,10
2010,70787,49,9,9,8
2010,70787,49,10,10,
2010,70787,49,11,11,5
2010,70787,49,12,12,1
2010,70787,49,13,13,12
2010,70787,49,14,14,
2010,70787,49,15,15,4
2010,70787,49,16,16,12
2010,70787,49,17,17,5
2010,70787,49,18,18,1
2010,70787,49,19,19,5
2010,70787,49,20,20,5
2010,70787,49,21,21,5
2010,70787,49,22,22,7
2010,70787,49,23,23,4
2010,70787,49,24,24,3
2010,70787,49,25,25,5
2010,70787,50,1,1,
2010,70787,50,2,2,
2010,70787,50,3,3,4
2010,70787,50,4,4,
2010,70787,50,5,5,
2010,70787,50,6,6,
2010,70787,50,7,7,
2010,70787,50,8,8,1
2010,70787,50,9,9,2
2010,70787,50,10,10,2
2010,70787,50,11,11,1
2010,70787,50,12,12,2
2010,70787,50,13,13,
2010,70787,50,14,14,2
2010,70787,50,15,15,3
2010,70787,50,16,16,
2010,70787,50,17,17,2
2010,70787,50,18,18,1
2010,70787,50,19,19,2
2010,70787,50,20,20,1
2010,70787,50,21,21,4
2010,70787,50,22,22,7
2010,70787,50,23,23,
2010,70787,50,24,24,2
2010,70787,50,25,25,2
2010,70787,51,1,1,
2010,70787,51,2,2,2
2010,70787,51,3,3,11
2010,70787,51,4,4,11
2010,70787,51,5,5,2
2010,70787,51,6,6,6
2010,70787,51,7,7,2
2010,70787,51,8,8,5
2010,70787,51,9,9,1
2010,70787,51,10,10,2
2010,70787,51,11,11,1
2010,70787,51,12,12,2
2010,70787,51,13,13,3
2010,70787,51,14,14,5
2010,70787,51,15,15,9
2010,70787,51,16,16,6
2010,70787,51,17,17,8
2010,70787,51,18,18,3
2010,70787,51,19,19,11
2010,70787,51,20,20,10
2010,70787,51,21,21,1
2010,70787,51,22,22,8
2010,70787,51,23,23,6
2010,70787,51,24,24,3
2010,70787,52,1,1,
2010,70787,52,2,2,2
2010,70787,52,3,3,
2010,70787,52,4,4,2
2010,70787,52,5,5,1
2010,70787,52,6,6,4
2010,70787,52,8,8,1
2010,70787,52,9,9,3
2010,70787,52,10,10,8
2010,70787,52,11,11,
2010,70787,52,12,12,1
2010,70787,52,13,13,4
2010,70787,52,14,14,2
2010,70787,52,15,15,2
2010,70787,52,16,16,
2010,70787,52,17,17,
2010,70787,52,18,18,6
2010,70787,52,19,19,1
2010,70787,52,20,20,
2010,70787,52,21,21,
2010,70787,52,22,22,5
2010,70787,52,23,23,6
2010,70787,52,24,24,
2010,70787,52,25,25,6
2010,70787,53,1,1,2
2010,70787,53,2,2,8
2010,70787,53,3,3,2
2010,70787,53,4,4,1
2010,70787,53,5,5,
2010,70787,53,6,6,6
2010,70787,53,7,7,
2010,70787,53,8,8,22
2010,70787,53,9,9,9
2010,70787,53,10,10,2
2010,70787,53,11,11,8
2010,70787,53,12,12,9
2010,70787,53,13,13,11
2010,70787,53,14,14,10
2010,70787,53,15,15,21
2010,70787,53,16,16,18
2010,70787,53,17,17,2
2010,70787,53,18,18,1
2010,70787,53,19,19,2
2010,70787,53,20,20,16
2010,70787,53,21,21,
2010,70787,53,22,22,14
2010,70787,53,23,23,15
2010,70787,53,24,24,13
2010,70787,53,25,25,2
2010,70787,54,1,1,1
2010,70787,54,2,2,4
2010,70787,54,3,3,4
2010,70787,54,4,4,8
2010,70787,54,5,5,
2010,70787,54,6,6,9
2010,70787,54,7,7,5
2010,70787,54,8,8,15
2010,70787,54,9,9,15
2010,70787,54,10,10,5
2010,70787,54,11,11,16
2010,70787,54,12,12,15
2010,70787,54,13,13,5
2010,70787,54,14,14,11
2010,70787,54,15,15,19
2010,70787,54,16,16,15
2010,70787,54,17,17,7
2010,70787,54,18,18,
2010,70787,54,19,19,21
2010,70787,54,20,20,14
2010,70787,54,21,21,2
2010,70787,54,22,22,17
2010,70787,54,23,23,
2010,70787,54,24,24,3
2010,70787,54,25,25,17
2010,70787,55,1,1,8
2010,70787,55,2,2,8
2010,70787,55,3,3,12
2010,70787,55,4,4,10
2010,70787,55,5,5,16
2010,70787,55,6,6,7
2010,70787,55,7,7,9
2010,70787,55,8,8,11
2010,70787,55,9,9,11
2010,70787,55,10,10,8
2010,70787,55,11,11,14
2010,70787,55,12,12,18
2010,70787,55,13,13,12
2010,70787,55,14,14,8
2010,70787,55,15,15,9
2010,70787,55,16,16,9
2010,70787,55,17,17,9
2010,70787,55,18,18,9
2010,70787,55,19,19,7
2010,70787,55,20,20,6
2010,70787,55,21,21,17
2010,70787,55,22,22,8
2010,70787,55,23,23,9
2010,70787,55,24,24,5
2010,70787,55,25,25,5
2010,70787,56,1,1,12
2010,70787,56,2,2,13
2010,70787,56,3,3,14
2010,70787,56,4,4,18
2010,70787,56,5,5,13
2010,70787,56,6,6,22
2010,70787,56,7,7,13
2010,70787,56,8,8,8
2010,70787,56,9,9,19
2010,70787,56,10,10,7
2010,70787,56,11,11,19
2010,70787,56,12,12,10
2010,70787,56,13,13,11
2010,70787,56,14,14,25
2010,70787,56,15,15,9
2010,70787,56,16,16,18
2010,70787,56,17,17,20
2010,70787,56,18,18,22
2010,70787,56,19,19,28
2010,70787,56,20,20,7
2010,70787,56,21,21,13
2010,70787,56,22,22,14
2010,70787,56,23,23,23
2010,70787,56,24,24,5
2010,70787,56,25,25,7
2010,70787,57,1,1,1
2010,70787,57,2,2,7
2010,70787,57,3,3,1
2010,70787,57,4,4,2
2010,70787,57,5,5,2
2010,70787,57,6,6,1
2010,70787,57,7,7,
2010,70787,57,8,8,1
2010,70787,57,9,9,1
2010,70787,57,10,10,1
2010,70787,57,11,11,1
2010,70787,57,12,12,2
2010,70787,57,13,13,
2010,70787,57,14,14,3
2010,70787,57,15,15,
2010,70787,57,16,16,1
2010,70787,57,17,17,1
2010,70787,57,18,18,1
2010,70787,57,19,19,1
2010,70787,57,20,20,
2010,70787,57,21,21,
2010,70787,57,22,22,
2010,70787,57,23,23,
2010,70787,57,24,24,
2010,70787,57,25,25,1
2010,70787,58,1,1,1
2010,70787,58,2,2,13
2010,70787,58,3,3,21
2010,70787,58,4,4,11
2010,70787,58,5,5,15
2010,70787,58,6,6,
2010,70787,58,7,7,12
2010,70787,58,8,8,10
2010,70787,58,9,9,22
2010,70787,58,10,10,11
2010,70787,58,11,11,12
2010,70787,58,12,12,16
2010,70787,58,13,13,1
2010,70787,58,14,14,12
2010,70787,58,15,15,10
2010,70787,58,16,16,5
2010,70787,58,17,17,12
2010,70787,58,18,18,6
2010,70787,58,19,19,4
2010,70787,58,20,20,19
2010,70787,58,21,21,13
2010,70787,58,22,22,21
2010,70787,58,23,23,22
2010,70787,58,24,24,17
2010,70787,58,25,25,17
2010,70787,59,1,1,2
2010,70787,59,2,2,2
2010,70787,59,3,3,3
2010,70787,59,4,4,
2010,70787,59,5,5,1
2010,70787,59,6,6,
2010,70787,59,7,7,1
2010,70787,59,8,8,2
2010,70787,59,9,9,7
2010,70787,59,10,10,12
2010,70787,59,11,11,
2010,70787,59,12,12,
2010,70787,59,13,13,
2010,70787,59,14,14,1
2010,70787,59,15,15,
2010,70787,59,16,16,1
2010,70787,59,17,17,
2010,70787,59,18,18,4
2010,70787,59,19,19,
2010,70787,59,20,20,
2010,70787,59,21,21,7
2010,70787,59,22,22,12
2010,70787,59,23,23,1
2010,70787,59,24,24,5
2010,70787,59,25,25,1
2010,70787,60,1,1,6
2010,70787,60,2,2,3
2010,70787,60,3,3,2
2010,70787,60,4,4,1
2010,70787,60,5,5,
2010,70787,60,6,6,
2010,70787,60,7,7,6
2010,70787,60,8,8,
2010,70787,60,9,9,4
2010,70787,60,10,10,6
2010,70787,60,11,11,3
2010,70787,60,12,12,
2010,70787,60,13,13,6
2010,70787,60,14,14,4
2010,70787,60,15,15,5
2010,70787,60,16,16,5
2010,70787,60,17,17,1
2010,70787,60,18,18,9
2010,70787,60,19,19,4
2010,70787,60,20,20,7
2010,70787,60,21,21,6
2010,70787,60,22,22,10
2010,70787,60,23,23,7
2010,70787,60,24,24,4
2010,70787,60,25,25,
2010,70787,61,1,1,7
2010,70787,61,2,2,17
2010,70787,61,3,3,4
2010,70787,61,4,4,13
2010,70787,61,5,5,5
2010,70787,61,6,6,14
2010,70787,61,7,7,6
2010,70787,61,8,8,12
2010,70787,61,9,9,12
2010,70787,61,10,10,27
2010,70787,61,11,11,14
2010,70787,61,12,12,13
2010,70787,61,13,13,19
2010,70787,61,14,14,15
2010,70787,61,15,15,14
2010,70787,61,16,16,14
2010,70787,61,17,17,13
2010,70787,61,18,18,11
2010,70787,61,19,19,25
2010,70787,61,20,20,14
2010,70787,61,21,21,3
2010,70787,61,22,22,13
2010,70787,61,23,23,10
2010,70787,61,24,24,16
2010,70787,61,25,25,13
2010,70787,62,1,1,
2010,70787,62,2,2,5
2010,70787,62,3,3,
2010,70787,62,4,4,2
2010,70787,62,5,5,7
2010,70787,62,6,6,
2010,70787,62,7,7,
2010,70787,62,8,8,
2010,70787,62,9,9,4
2010,70787,62,10,10,
2010,70787,62,11,11,1
2010,70787,62,12,12,3
2010,70787,62,13,13,
2010,70787,62,14,14,38
2010,70787,62,15,15,3
2010,70787,62,16,16,12
2010,70787,62,17,17,8
2010,70787,62,18,18,1
2010,70787,62,19,19,1
2010,70787,62,20,20,3
2010,70787,62,21,21,
2010,70787,62,22,22,
2010,70787,62,23,23,2
2010,70787,62,24,24,7
2010,70787,62,25,25,
2010,70787,63,1,1,1
2010,70787,63,2,2,1
2010,70787,63,3,3,1
2010,70787,63,4,4,1
2010,70787,63,5,5,1
2010,70787,63,6,6,
2010,70787,63,7,7,
2010,70787,63,8,8,1
2010,70787,63,9,9,
2010,70787,63,10,10,
2010,70787,63,11,11,1
2010,70787,63,12,12,
2010,70787,63,13,13,3
2010,70787,63,14,14,3
2010,70787,63,15,15,2
2010,70787,63,16,16,7
2010,70787,63,17,17,3
2010,70787,63,18,18,8
2010,70787,63,19,19,
2010,70787,63,20,20,8
2010,70787,63,21,21,15
2010,70787,63,22,22,1
2010,70787,63,23,23,4
2010,70787,63,24,24,12
2010,70787,63,25,25,6
2010,70787,64,1,1,1
2010,70787,64,2,2,6
2010,70787,64,3,3,35
2010,70787,64,4,4,21
2010,70787,64,5,5,18
2010,70787,64,6,6,23
2010,70787,64,7,7,34
2010,70787,64,8,8,29
2010,70787,64,9,9,47
2010,70787,64,10,10,49
2010,70787,64,11,11,1
2010,70787,64,12,12,5
2010,70787,64,13,13,13
2010,70787,64,14,14,30
2010,70787,64,15,15,3
2010,70787,64,16,16,19
2010,70787,64,17,17,13
2010,70787,64,18,18,75
2010,70787,64,19,19,24
2010,70787,64,20,20,1
2010,70787,64,21,21,55
2010,70787,64,22,22,20
2010,70787,64,23,23,18
2010,70787,64,24,24,13
2010,70787,64,25,25,36
2010,70787,65,1,1,1
2010,70787,65,2,2,4
2010,70787,65,3,3,4
2010,70787,65,4,4,4
2010,70787,65,5,5,
2010,70787,65,6,6,
2010,70787,65,7,7,
2010,70787,65,8,8,1
2010,70787,65,9,9,1
2010,70787,65,10,10,2
2010,70787,65,11,11,1
2010,70787,65,12,12,
2010,70787,65,13,13,1
2010,70787,65,14,14,2
2010,70787,65,15,15,
2010,70787,65,16,16,
2010,70787,65,17,17,3
2010,70787,65,18,18,
2010,70787,65,19,19,
2010,70787,65,20,20,4
2010,70787,65,21,21,4
2010,70787,65,22,22,2
2010,70787,65,23,23,
2010,70787,65,24,24,1
2010,70787,65,25,25,
2010,70787,66,1,1,6
2010,70787,66,2,2,9
2010,70787,66,3,3,9
2010,70787,66,4,4,11
2010,70787,66,5,5,11
2010,70787,66,6,6,1
2010,70787,66,7,7,8
2010,70787,66,8,8,8
2010,70787,66,9,9,8
2010,70787,66,10,10,4
2010,70787,66,11,11,1
2010,70787,66,12,12,
2010,70787,66,13,13,9
2010,70787,66,14,14,1
2010,70787,66,15,15,
2010,70787,66,16,16,6
2010,70787,66,17,17,2
2010,70787,66,18,18,5
2010,70787,66,19,19,5
2010,70787,66,20,20,
2010,70787,66,21,21,15
2010,70787,66,22,22,4
2010,70787,66,23,23,8
2010,70787,66,24,24,3
2010,70787,66,25,25,7
2010,70787,67,1,1,5
2010,70787,67,2,2,30
2010,70787,67,3,3,4
2010,70787,67,4,4,12
2010,70787,67,5,5,8
2010,70787,67,6,6,11
2010,70787,67,7,7,22
2010,70787,67,8,8,34
2010,70787,67,9,9,3
2010,70787,67,10,10,25
2010,70787,67,11,11,35
2010,70787,67,12,12,32
2010,70787,67,13,13,14
2010,70787,67,14,14,18
2010,70787,67,15,15,
2010,70787,67,16,16,15
2010,70787,67,17,17,10
2010,70787,67,18,18,9
2010,70787,67,19,19,9
2010,70787,67,20,20,14
2010,70787,67,21,21,6
2010,70787,67,22,22,15
2010,70787,67,23,23,12
2010,70787,67,24,24,2
2010,70787,67,25,25,5
2010,70787,68,1,1,14
2010,70787,68,2,2,9
2010,70787,68,3,3,
2010,70787,68,4,4,13
2010,70787,68,5,5,28
2010,70787,68,6,6,9
2010,70787,68,7,7,9
2010,70787,68,8,8,14
2010,70787,68,9,9,25
2010,70787,68,10,10,33
2010,70787,68,11,11,14
2010,70787,68,12,12,25
2010,70787,68,13,13,16
2010,70787,68,14,14,5
2010,70787,68,15,15,
2010,70787,68,16,16,12
2010,70787,68,17,17,10
2010,70787,68,18,18,25
2010,70787,68,19,19,8
2010,70787,68,20,20,11
2010,70787,68,21,21,13
2010,70787,68,22,22,14
2010,70787,68,23,23,20
2010,70787,68,24,24,8
2010,70787,68,25,25,13
2010,70787,69,1,1,1
2010,70787,69,2,2,10
2010,70787,69,3,3,11
2010,70787,69,4,4,
2010,70787,69,5,5,13
2010,70787,69,6,6,10
2010,70787,69,7,7,6
2010,70787,69,8,8,15
2010,70787,69,9,9,13
2010,70787,69,10,10,12
2010,70787,69,11,11,11
2010,70787,69,12,12,23
2010,70787,69,13,13,14
2010,70787,69,14,14,19
2010,70787,69,15,15,12
2010,70787,69,16,16,8
2010,70787,69,17,17,11
2010,70787,69,18,18,17
2010,70787,69,19,19,7
2010,70787,69,20,20,2
2010,70787,69,21,21,3
2010,70787,69,22,22,3
2010,70787,69,23,23,7
2010,70787,69,24,24,10
2010,70787,69,25,25,3
2010,70787,70,1,1,3
2010,70787,70,2,2,
2010,70787,70,3,3,4
2010,70787,70,4,4,
2010,70787,70,5,5,5
2010,70787,70,6,6,1
2010,70787,70,7,7,2
2010,70787,70,8,8,1
2010,70787,70,9,9,3
2010,70787,70,10,10,3
2010,70787,70,11,11,9
2010,70787,70,12,12,5
2010,70787,70,13,13,7
2010,70787,70,14,14,2
2010,70787,70,15,15,5
2010,70787,70,16,16,8
2010,70787,70,17,17,7
2010,70787,70,18,18,12
2010,70787,70,19,19,1
2010,70787,70,20,20,10
2010,70787,70,21,21,4
2010,70787,70,22,22,
2010,70787,70,23,23,
2010,70787,70,24,24,5
2010,70787,70,25,25,1
2010,70787,71,1,1,
2010,70787,71,2,2,8
2010,70787,71,3,3,21
2010,70787,71,5,5,10
2010,70787,71,6,6,10
2010,70787,71,7,7,6
2010,70787,71,8,8,2
2010,70787,71,9,9,2
2010,70787,71,10,10,31
2010,70787,71,11,11,5
2010,70787,71,12,12,10
2010,70787,71,13,13,19
2010,70787,71,14,14,32
2010,70787,71,15,15,11
2010,70787,71,16,16,12
2010,70787,71,17,17,23
2010,70787,71,18,18,5
2010,70787,71,19,19,4
2010,70787,71,20,20,7
2010,70787,71,21,21,23
2010,70787,71,22,22,15
2010,70787,71,23,23,3
2010,70787,71,24,24,10
2010,70787,71,25,25,7
2010,70787,72,1,1,1
2010,70787,72,2,2,
2010,70787,72,3,3,12
2010,70787,72,4,4,5
2010,70787,72,5,5,5
2010,70787,72,6,6,15
2010,70787,72,7,7,14
2010,70787,72,8,8,17
2010,70787,72,9,9,3
2010,70787,72,10,10,25
2010,70787,72,11,11,8
2010,70787,72,12,12,8
2010,70787,72,13,13,16
2010,70787,72,14,14,3
2010,70787,72,15,15,8
2010,70787,72,16,16,21
2010,70787,72,17,17,5
2010,70787,72,18,18,21
2010,70787,72,19,19,14
2010,70787,72,20,20,1
2010,70787,72,21,21,5
2010,70787,72,22,22,13
2010,70787,72,23,23,3
2010,70787,72,24,24,12
2010,70787,72,25,25,6
2010,70787,73,1,1,
2010,70787,73,2,2,1
2010,70787,73,3,3,
2010,70787,73,4,4,6
2010,70787,73,5,5,
2010,70787,73,6,6,
2010,70787,73,7,7,
2010,70787,73,8,8,2
2010,70787,73,9,9,8
2010,70787,73,10,10,1
2010,70787,73,11,11,
2010,70787,73,12,12,
2010,70787,73,13,13,3
2010,70787,73,14,14,
2010,70787,73,15,15,1
2010,70787,73,16,16,2
2010,70787,73,17,17,5
2010,70787,73,18,18,2
2010,70787,73,19,19,3
2010,70787,73,20,20,3
2010,70787,73,21,21,
2010,70787,73,22,22,1
2010,70787,73,23,23,
2010,70787,73,25,25,
2010,70787,74,1,1,5
2010,70787,74,2,2,4
2010,70787,74,3,3,8
2010,70787,74,4,4,13
2010,70787,74,5,5,10
2010,70787,74,6,6,5
2010,70787,74,7,7,4
2010,70787,74,8,8,2
2010,70787,74,9,9,11
2010,70787,74,10,10,12
2010,70787,74,11,11,5
2010,70787,74,12,12,7
2010,70787,74,13,13,11
2010,70787,74,14,14,16
2010,70787,74,15,15,11
2010,70787,74,16,16,10
2010,70787,74,17,17,11
2010,70787,74,18,18,14
2010,70787,74,19,19,8
2010,70787,74,20,20,15
2010,70787,74,21,21,12
2010,70787,74,22,22,11
2010,70787,74,23,23,10
2010,70787,74,24,24,6
2010,70787,74,25,25,4
2010,70787,75,1,1,3
2010,70787,75,2,2,4
2010,70787,75,3,3,
2010,70787,75,4,4,1
2010,70787,75,5,5,5
2010,70787,75,6,6,2
2010,70787,75,7,7,4
2010,70787,75,8,8,2
2010,70787,75,9,9,3
2010,70787,75,10,10,1
2010,70787,75,11,11,1
2010,70787,75,12,12,1
2010,70787,75,13,13,7
2010,70787,75,14,14,4
2010,70787,75,15,15,
2010,70787,75,16,16,3
2010,70787,75,17,17,2
2010,70787,75,18,18,4
2010,70787,75,19,19,6
2010,70787,75,20,20,2
2010,70787,75,21,21,6
2010,70787,75,22,22,
2010,70787,75,23,23,3
2010,70787,75,24,24,
2010,70787,75,25,25,2
2010,70787,76,1,1,
2010,70787,76,2,2,
2010,70787,76,3,3,
2010,70787,76,4,4,3
2010,70787,76,5,5,7
2010,70787,76,6,6,
2010,70787,76,7,7,4
2010,70787,76,8,8,
2010,70787,76,9,9,
2010,70787,76,10,10,1
2010,70787,76,11,11,
2010,70787,76,12,12,
2010,70787,76,13,13,1
2010,70787,76,14,14,
2010,70787,76,15,15,
2010,70787,76,16,16,3
2010,70787,76,17,17,3
2010,70787,76,18,18,2
2010,70787,76,19,19,
2010,70787,76,20,20,1
2010,70787,76,21,21,1
2010,70787,76,22,22,2
2010,70787,76,23,23,1
2010,70787,76,24,24,
2010,70787,76,25,25,1
2010,70787,77,1,1,
2010,70787,77,2,2,
2010,70787,77,3,3,1
2010,70787,77,4,4,2
2010,70787,77,5,5,2
2010,70787,77,6,6,
2010,70787,77,7,7,5
2010,70787,77,8,8,3
2010,70787,77,9,9,
2010,70787,77,10,10,1
2010,70787,77,11,11,2
2010,70787,77,12,12,4
2010,70787,77,13,13,
2010,70787,77,14,14,7
2010,70787,77,15,15,1
2010,70787,77,16,16,1
2010,70787,77,17,17,2
2010,70787,77,18,18,3
2010,70787,77,19,19,
2010,70787,77,20,20,1
2010,70787,77,21,21,1
2010,70787,77,22,22,2
2010,70787,77,23,23,
2010,70787,77,24,24,2
2010,70787,77,25,25,2
2010,70787,78,1,1,
2010,70787,78,2,2,
2010,70787,78,3,3,2
2010,70787,78,4,4,1
2010,70787,78,5,5,8
2010,70787,78,6,6,5
2010,70787,78,7,7,4
2010,70787,78,8,8,7
2010,70787,78,9,9,5
2010,70787,78,10,10,
2010,70787,78,11,11,1
2010,70787,78,12,12,
2010,70787,78,13,13,5
2010,70787,78,15,15,5
2010,70787,78,16,16,2
2010,70787,78,17,17,11
2010,70787,78,18,18,13
2010,70787,78,19,19,2
2010,70787,78,20,20,
2010,70787,78,21,21,4
2010,70787,78,22,22,
2010,70787,78,23,23,8
2010,70787,78,24,24,6
2010,70787,79,1,1,2
2010,70787,79,2,2,1
2010,70787,79,3,3,4
2010,70787,79,4,4,1
2010,70787,79,5,5,
2010,70787,79,6,6,2
2010,70787,79,7,7,1
2010,70787,79,8,8,
2010,70787,79,9,9,
2010,70787,79,10,10,1
2010,70787,79,11,11,
2010,70787,79,12,12,1
2010,70787,79,13,13,
2010,70787,79,14,14,1
2010,70787,79,15,15,3
2010,70787,79,16,16,3
2010,70787,79,17,17,9
2010,70787,79,18,18,
2010,70787,79,19,19,1
2010,70787,79,20,20,4
2010,70787,79,21,21,2
2010,70787,79,22,22,3
2010,70787,79,23,23,3
2010,70787,79,24,24,
2010,70787,79,25,25,2
2010,70787,80,1,1,6
2010,70787,80,2,2,1
2010,70787,80,3,3,1
2010,70787,80,4,4,4
2010,70787,80,5,5,2
2010,70787,80,6,6,4
2010,70787,80,7,7,7
2010,70787,80,8,8,4
2010,70787,80,9,9,4
2010,70787,80,10,10,12
2010,70787,80,11,11,
2010,70787,80,12,12,
2010,70787,80,13,13,
2010,70787,80,14,14,
2010,70787,80,15,15,1
2010,70787,80,16,16,1
2010,70787,80,17,17,1
2010,70787,80,18,18,
2010,70787,80,19,19,2
2010,70787,80,20,20,1
2010,70787,80,21,21,1
2010,70787,80,22,22,16
2010,70787,80,23,23,3
2010,70787,80,24,24,1
2010,70787,80,25,25,
2010,70787,81,1,1,
2010,70787,81,2,2,
2010,70787,81,3,3,
2010,70787,81,4,4,
2010,70787,81,5,5,
2010,70787,81,6,6,
2010,70787,81,7,7,
2010,70787,81,8,8,
2010,70787,81,9,9,
2010,70787,81,10,10,
2010,70787,81,11,11,1
2010,70787,81,12,12,
2010,70787,81,13,13,
2010,70787,81,14,14,
2010,70787,81,15,15,
2010,70787,81,16,16,
2010,70787,81,17,17,
2010,70787,81,18,18,
2010,70787,81,19,19,
2010,70787,81,20,20,
2010,70787,81,21,21,
2010,70787,81,22,22,
2010,70787,81,23,23,
2010,70787,81,24,24,
2010,70787,82,1,1,4
2010,70787,82,2,2,4
2010,70787,82,3,3,7
2010,70787,82,4,4,
2010,70787,82,5,5,
2010,70787,82,6,6,
2010,70787,82,7,7,8
2010,70787,82,8,8,
2010,70787,82,9,9,
2010,70787,82,10,10,
2010,70787,82,11,11,1
2010,70787,82,12,12,
2010,70787,82,13,13,7
2010,70787,82,14,14,
2010,70787,82,15,15,
2010,70787,82,16,16,17
2010,70787,82,17,17,1
2010,70787,82,18,18,
2010,70787,82,19,19,
2010,70787,82,20,20,6
2010,70787,82,21,21,
2010,70787,82,22,22,13
2010,70787,82,23,23,4
2010,70787,82,24,24,1
2010,70787,82,25,25,4
2010,70787,83,1,1,
2010,70787,83,2,2,2
2010,70787,83,3,3,
2010,70787,83,4,4,11
2010,70787,83,5,5,2
2010,70787,83,6,6,12
2010,70787,83,7,7,9
2010,70787,83,8,8,1
2010,70787,83,9,9,
2010,70787,83,10,10,8
2010,70787,83,11,11,
2010,70787,83,12,12,2
2010,70787,83,13,13,2
2010,70787,83,14,14,9
2010,70787,83,15,15,
2010,70787,83,16,16,5
2010,70787,83,17,17,3
2010,70787,83,18,18,
2010,70787,83,19,19,1
2010,70787,83,20,20,1
2010,70787,83,21,21,3
2010,70787,83,22,22,
2010,70787,83,23,23,4
2010,70787,83,24,24,2
2010,70787,83,25,25,1
2010,70787,84,1,1,
2010,70787,84,2,2,2
2010,70787,84,3,3,2
2010,70787,84,4,4,
2010,70787,84,5,5,2
2010,70787,84,6,6,1
2010,70787,84,7,7,3
2010,70787,84,8,8,2
2010,70787,84,9,9,2
2010,70787,84,10,10,
2010,70787,84,11,11,3
2010,70787,84,12,12,
2010,70787,84,13,13,
2010,70787,84,14,14,
2010,70787,84,15,15,1
2010,70787,84,16,16,1
2010,70787,84,17,17,1
2010,70787,84,18,18,1
2010,70787,84,19,19,3
2010,70787,84,20,20,3
2010,70787,84,21,21,2
2010,70787,84,22,22,5
2010,70787,84,23,23,
2010,70787,84,24,24,1
2010,70787,84,25,25,1
2010,70787,85,1,1,7
2010,70787,85,2,2,4
2010,70787,85,3,3,10
2010,70787,85,4,4,13
2010,70787,85,5,5,2
2010,70787,85,6,6,2
2010,70787,85,7,7,6
2010,70787,85,8,8,11
2010,70787,85,9,9,4
2010,70787,85,10,10,1
2010,70787,85,11,11,11
2010,70787,85,12,12,4
2010,70787,85,13,13,
2010,70787,85,14,14,2
2010,70787,85,15,15,1
2010,70787,85,16,16,
2010,70787,85,17,17,1
2010,70787,85,18,18,
2010,70787,85,19,19,1
2010,70787,85,20,20,3
2010,70787,85,21,21,
2010,70787,85,22,22,
2010,70787,85,23,23,1
2010,70787,85,24,24,
2010,70787,85,25,25,
2010,70787,86,1,1,9
2010,70787,86,2,2,3
2010,70787,86,3,3,8
2010,70787,86,4,4,
2010,70787,86,5,5,1
2010,70787,86,6,6,3
2010,70787,86,7,7,3
2010,70787,86,8,8,9
2010,70787,86,9,9,6
2010,70787,86,10,10,5
2010,70787,86,11,11,13
2010,70787,86,12,12,8
2010,70787,86,13,13,8
2010,70787,86,14,14,12
2010,70787,86,15,15,6
2010,70787,86,16,16,4
2010,70787,86,17,17,5
2010,70787,86,18,18,1
2010,70787,86,19,19,
2010,70787,86,20,20,
2010,70787,86,21,21,5
2010,70787,86,22,22,2
2010,70787,86,23,23,9
2010,70787,86,24,24,
2010,70787,86,25,25,2
2010,70787,87,1,1,3
2010,70787,87,2,2,2
2010,70787,87,3,3,3
2010,70787,87,4,4,2
2010,70787,87,5,5,6
2010,70787,87,6,6,5
2010,70787,87,7,7,2
2010,70787,87,8,8,2
2010,70787,87,9,9,3
2010,70787,87,10,10,1
2010,70787,87,11,11,9
2010,70787,87,12,12,5
2010,70787,87,13,13,3
2010,70787,87,14,14,1
2010,70787,87,15,15,1
2010,70787,87,16,16,5
2010,70787,87,17,17,2
2010,70787,87,18,18,1
2010,70787,87,19,19,3
2010,70787,87,20,20,1
2010,70787,87,21,21,1
2010,70787,87,22,22,
2010,70787,87,23,23,1
2010,70787,87,24,24,1
2010,70787,87,25,25,4
2010,70787,88,1,1,1
2010,70787,88,2,2,
2010,70787,88,3,3,6
2010,70787,88,4,4,
2010,70787,88,5,5,4
2010,70787,88,6,6,
2010,70787,88,7,7,1
2010,70787,88,8,8,2
2010,70787,88,9,9,1
2010,70787,88,10,10,3
2010,70787,88,11,11,
2010,70787,88,12,12,2
2010,70787,88,13,13,
2010,70787,88,14,14,
2010,70787,88,15,15,
2010,70787,88,16,16,1
2010,70787,88,17,17,
2010,70787,88,18,18,
2010,70787,88,19,19,1
2010,70787,88,20,20,5
2010,70787,88,21,21,
2010,70787,88,22,22,1
2010,70787,88,23,23,3
2010,70787,88,24,24,1
2010,70787,88,25,25,1
2010,70787,89,1,1,6
2010,70787,89,2,2,9
2010,70787,89,3,3,11
2010,70787,89,4,4,3
2010,70787,89,5,5,15
2010,70787,89,6,6,8
2010,70787,89,7,7,1
2010,70787,89,8,8,4
2010,70787,89,9,9,7
2010,70787,89,10,10,3
2010,70787,89,11,11,9
2010,70787,89,12,12,18
2010,70787,89,13,13,24
2010,70787,89,14,14,15
2010,70787,89,15,15,20
2010,70787,89,16,16,12
2010,70787,89,17,17,8
2010,70787,89,18,18,13
2010,70787,89,19,19,5
2010,70787,89,20,20,12
2010,70787,89,21,21,3
2010,70787,89,22,22,4
2010,70787,89,23,23,4
2010,70787,89,24,24,4
2010,70787,89,25,25,26
2010,70787,90,1,1,1
2010,70787,90,2,2,1
2010,70787,90,3,3,4
2010,70787,90,4,4,2
2010,70787,90,5,5,
2010,70787,90,6,6,1
2010,70787,90,7,7,
2010,70787,90,8,8,3
2010,70787,90,9,9,
2010,70787,90,10,10,
2010,70787,90,11,11,
2010,70787,90,12,12,1
2010,70787,90,13,13,1
2010,70787,90,14,14,2
2010,70787,90,15,15,9
2010,70787,90,16,16,8
2010,70787,90,17,17,13
2010,70787,90,18,18,7
2010,70787,90,19,19,5
2010,70787,90,20,20,4
2010,70787,90,21,21,10
2010,70787,90,22,22,4
2010,70787,90,23,23,17
2010,70787,90,24,24,2
2010,70787,90,25,25,3
2010,70787,91,1,1,9
2010,70787,91,2,2,
2010,70787,91,3,3,12
2010,70787,91,4,4,15
2010,70787,91,5,5,9
2010,70787,91,6,6,7
2010,70787,91,7,7,4
2010,70787,91,8,8,4
2010,70787,91,9,9,9
2010,70787,91,10,10,7
2010,70787,91,11,11,5
2010,70787,91,12,12,13
2010,70787,91,13,13,3
2010,70787,91,14,14,6
2010,70787,91,15,15,8
2010,70787,91,16,16,1
2010,70787,91,17,17,1
2010,70787,91,18,18,1
2010,70787,91,19,19,11
2010,70787,91,20,20,9
2010,70787,91,21,21,7
2010,70787,91,22,22,1
2010,70787,91,23,23,4
2010,70787,91,24,24,5
2010,70787,91,25,25,8
2010,70787,92,2,2,7
2010,70787,92,3,3,5
2010,70787,92,4,4,4
2010,70787,92,5,5,5
2010,70787,92,6,6,12
2010,70787,92,7,7,17
2010,70787,92,8,8,15
2010,70787,92,9,9,5
2010,70787,92,10,10,9
2010,70787,92,11,11,7
2010,70787,92,12,12,4
2010,70787,92,13,13,6
2010,70787,92,14,14,
2010,70787,92,15,15,1
2010,70787,92,16,16,2
2010,70787,92,17,17,3
2010,70787,92,18,18,8
2010,70787,92,19,19,2
2010,70787,92,20,20,2
2010,70787,92,21,21,8
2010,70787,92,22,22,6
2010,70787,92,23,23,4
2010,70787,92,24,24,10
2010,70787,92,25,25,3
2010,70787,93,1,1,2
2010,70787,93,2,2,1
2010,70787,93,3,3,
2010,70787,93,4,4,1
2010,70787,93,5,5,1
2010,70787,93,6,6,1
2010,70787,93,7,7,
2010,70787,93,8,8,4
2010,70787,93,9,9,
2010,70787,93,10,10,1
2010,70787,93,11,11,
2010,70787,93,12,12,11
2010,70787,93,13,13,3
2010,70787,93,14,14,1
2010,70787,93,15,15,7
2010,70787,93,16,16,
2010,70787,93,17,17,1
2010,70787,93,18,18,5
2010,70787,93,19,19,1
2010,70787,93,20,20,
2010,70787,93,21,21,
2010,70787,93,22,22,1
2010,70787,93,23,23,
2010,70787,93,24,24,
2010,70787,93,25,25,
2010,70787,94,1,1,2
2010,70787,94,2,2,
2010,70787,94,3,3,3
2010,70787,94,4,4,2
2010,70787,94,5,5,
2010,70787,94,6,6,
2010,70787,94,7,7,3
2010,70787,94,8,8,5
2010,70787,94,9,9,
2010,70787,94,10,10,2
2010,70787,94,11,11,
2010,70787,94,12,12,
2010,70787,94,13,13,6
2010,70787,94,14,14,
2010,70787,94,15,15,4
2010,70787,94,16,16,4
2010,70787,94,17,17,1
2010,70787,94,18,18,
2010,70787,94,19,19,1
2010,70787,94,20,20,5
2010,70787,94,21,21,
2010,70787,94,22,22,5
2010,70787,94,23,23,4
2010,70787,94,24,24,
2010,70787,94,25,25,4
2010,70787,95,1,1,1
2010,70787,95,2,2,
2010,70787,95,3,3,1
2010,70787,95,4,4,
2010,70787,95,5,5,2
2010,70787,95,6,6,1
2010,70787,95,7,7,2
2010,70787,95,8,8,
2010,70787,95,9,9,
2010,70787,95,10,10,
2010,70787,95,11,11,
2010,70787,95,12,12,2
2010,70787,95,13,13,
2010,70787,95,14,14,
2010,70787,95,15,15,
2010,70787,95,16,16,6
2010,70787,95,17,17,
2010,70787,95,18,18,
2010,70787,95,19,19,
2010,70787,95,20,20,
2010,70787,95,21,21,
2010,70787,95,22,22,
2010,70787,95,23,23,3
2010,70787,95,24,24,
2010,70787,95,25,25,1
2010,70787,96,1,1,7
2010,70787,96,2,2,17
2010,70787,96,3,3,9
2010,70787,96,4,4,8
2010,70787,96,5,5,10
2010,70787,96,6,6,20
2010,70787,96,7,7,3
2010,70787,96,8,8,6
2010,70787,96,9,9,15
2010,70787,96,10,10,12
2010,70787,96,11,11,30
2010,70787,96,12,12,18
2010,70787,96,13,13,16
2010,70787,96,14,14,
2010,70787,96,15,15,2
2010,70787,96,16,16,4
2010,70787,96,17,17,5
2010,70787,96,18,18,3
2010,70787,96,19,19,
2010,70787,96,20,20,4
2010,70787,96,21,21,
2010,70787,96,22,22,1
2010,70787,96,23,23,8
2010,70787,96,24,24,12
2010,70787,97,1,1,3
2010,70787,97,2,2,1
2010,70787,97,3,3,7
2010,70787,97,4,4,3
2010,70787,97,5,5,1
2010,70787,97,6,6,3
2010,70787,97,7,7,1
2010,70787,97,8,8,7
2010,70787,97,9,9,11
2010,70787,97,10,10,1
2010,70787,97,11,11,1
2010,70787,97,12,12,
2010,70787,97,13,13,8
2010,70787,97,14,14,6
2010,70787,97,15,15,2
2010,70787,97,16,16,
2010,70787,97,17,17,12
2010,70787,97,18,18,5
2010,70787,97,19,19,1
2010,70787,97,20,20,4
2010,70787,97,21,21,
2010,70787,97,22,22,2
2010,70787,97,23,23,
2010,70787,97,24,24,
2010,70787,97,25,25,
2010,70787,98,1,1,13
2010,70787,98,2,2,11
2010,70787,98,3,3,7
2010,70787,98,4,4,1
2010,70787,98,5,5,3
2010,70787,98,6,6,2
2010,70787,98,7,7,3
2010,70787,98,8,8,6
2010,70787,98,9,9,3
2010,70787,98,10,10,1
2010,70787,98,11,11,3
2010,70787,98,12,12,6
2010,70787,98,13,13,3
2010,70787,98,14,14,3
2010,70787,98,15,15,15
2010,70787,98,16,16,25
2010,70787,98,17,17,27
2010,70787,98,18,18,8
2010,70787,98,19,19,21
2010,70787,98,20,20,15
2010,70787,98,21,21,5
2010,70787,98,22,22,3
2010,70787,98,23,23,1
2010,70787,98,24,24,17
2010,70787,98,25,25,5
2010,70787,99,1,1,10
2010,70787,99,2,2,21
2010,70787,99,3,3,17
2010,70787,99,4,4,11
2010,70787,99,5,5,
2010,70787,99,6,6,31
2010,70787,99,7,7,13
2010,70787,99,8,8,14
2010,70787,99,9,9,10
2010,70787,99,10,10,14
2010,70787,99,11,11,19
2010,70787,99,12,12,4
2010,70787,99,13,13,1
2010,70787,99,14,14,
2010,70787,99,15,15,4
2010,70787,99,16,16,2
2010,70787,99,17,17,21
2010,70787,99,18,18,7
2010,70787,99,19,19,2
2010,70787,99,20,20,1
2010,70787,99,21,21,8
2010,70787,99,22,22,7
2010,70787,99,23,23,
2010,70787,99,24,24,5
2010,70787,99,25,25,11
2010,70787,100,1,1,4
2010,70787,100,2,2,6
2010,70787,100,3,3,7
2010,70787,100,4,4,3
2010,70787,100,5,5,5
2010,70787,100,6,6,2
2010,70787,100,7,7,4
2010,70787,100,8,8,10
2010,70787,100,9,9,5
2010,70787,100,10,10,6
2010,70787,100,11,11,9
2010,70787,100,12,12,
2010,70787,100,13,13,16
2010,70787,100,14,14,9
2010,70787,100,15,15,4
2010,70787,100,16,16,
2010,70787,100,17,17,10
2010,70787,100,18,18,11
2010,70787,100,19,19,7
2010,70787,100,20,20,9
2010,70787,100,21,21,6
2010,70787,100,22,22,10
2010,70787,100,23,23,8
2010,70787,100,24,24,8
2010,70787,100,25,25,3
2010,70787,101,1,1,16
2010,70787,101,2,2,20
2010,70787,101,3,3,7
2010,70787,101,4,4,5
2010,70787,101,5,5,7
2010,70787,101,6,6,4
2010,70787,101,7,7,2
2010,70787,101,8,8,11
2010,70787,101,9,9,9
2010,70787,101,10,10,11
2010,70787,101,11,11,8
2010,70787,101,12,12,11
2010,70787,101,13,13,12
2010,70787,101,14,14,11
2010,70787,101,15,15,23
2010,70787,101,16,16,13
2010,70787,101,17,17,15
2010,70787,101,18,18,6
2010,70787,101,19,19,7
2010,70787,101,20,20,8
2010,70787,101,21,21,7
2010,70787,101,22,22,13
2010,70787,101,23,23,5
2010,70787,101,24,24,11
2010,70787,101,25,25,3
2010,70787,102,1,1,1
2010,70787,102,2,2,
2010,70787,102,3,3,5
2010,70787,102,4,4,
2010,70787,102,5,5,
2010,70787,102,6,6,
2010,70787,102,7,7,
2010,70787,102,8,8,
2010,70787,102,9,9,6
2010,70787,102,10,10,
2010,70787,102,11,11,
2010,70787,102,12,12,2
2010,70787,102,13,13,
2010,70787,102,14,14,
2010,70787,102,15,15,
2010,70787,102,16,16,
2010,70787,102,17,17,
2010,70787,102,18,18,
2010,70787,102,19,19,
2010,70787,102,20,20,
2010,70787,102,21,21,
2010,70787,102,22,22,
2010,70787,102,23,23,3
2010,70787,102,24,24,3
2010,70787,102,25,25,2
2010,70787,103,1,1,8
2010,70787,103,2,2,10
2010,70787,103,3,3,14
2010,70787,103,4,4,22
2010,70787,103,5,5,5
2010,70787,103,6,6,12
2010,70787,103,7,7,10
2010,70787,103,8,8,10
2010,70787,103,9,9,7
2010,70787,103,10,10,6
2010,70787,103,11,11,5
2010,70787,103,12,12,
2010,70787,103,13,13,6
2010,70787,103,14,14,8
2010,70787,103,15,15,1
2010,70787,103,16,16,3
2010,70787,103,17,17,5
2010,70787,103,18,18,
2010,70787,103,19,19,4
2010,70787,103,20,20,2
2010,70787,103,21,21,1
2010,70787,103,22,22,7
2010,70787,103,23,23,3
2010,70787,103,24,24,3
2010,70787,103,25,25,
2010,70787,104,1,1,4
2010,70787,104,2,2,1
2010,70787,104,3,3,1
2010,70787,104,4,4,3
2010,70787,104,5,5,4
2010,70787,104,6,6,4
2010,70787,104,7,7,1
2010,70787,104,8,8,
2010,70787,104,9,9,3
2010,70787,104,10,10,3
2010,70787,104,11,11,2
2010,70787,104,12,12,
2010,70787,104,13,13,
2010,70787,104,14,14,2
2010,70787,104,15,15,4
2010,70787,104,16,16,12
2010,70787,104,17,17,
2010,70787,104,18,18,3
2010,70787,104,19,19,6
2010,70787,104,20,20,1
2010,70787,104,21,21,10
2010,70787,104,22,22,5
2010,70787,104,23,23,7
2010,70787,104,24,24,3
2010,70787,104,25,25,1
2010,70787,105,1,1,
2010,70787,105,2,2,
2010,70787,105,3,3,
2010,70787,105,4,4,
2010,70787,105,5,5,
2010,70787,105,6,6,
2010,70787,105,7,7,
2010,70787,105,8,8,
2010,70787,105,9,9,
2010,70787,105,10,10,
2010,70787,105,11,11,1
2010,70787,105,12,12,
2010,70787,105,13,13,
2010,70787,105,14,14,4
2010,70787,105,15,15,
2010,70787,105,16,16,
2010,70787,105,17,17,
2010,70787,105,18,18,
2010,70787,105,19,19,
2010,70787,105,20,20,
2010,70787,105,21,21,
2010,70787,105,22,22,
2010,70787,105,23,23,
2010,70787,105,24,24,
2010,70787,105,25,25,
2010,70787,106,1,1,2
2010,70787,106,2,2,2
2010,70787,106,3,3,1
2010,70787,106,4,4,5
2010,70787,106,5,5,
2010,70787,106,6,6,2
2010,70787,106,7,7,1
2010,70787,106,8,8,4
2010,70787,106,9,9,6
2010,70787,106,10,10,
2010,70787,106,11,11,2
2010,70787,106,12,12,2
2010,70787,106,13,13,
2010,70787,106,14,14,1
2010,70787,106,15,15,1
2010,70787,106,16,16,
2010,70787,106,17,17,
2010,70787,106,18,18,
2010,70787,106,19,19,1
2010,70787,106,20,20,
2010,70787,106,21,21,
2010,70787,106,22,22,
2010,70787,106,23,23,1
2010,70787,106,24,24,
2010,70787,106,25,25,
2010,70787,107,1,1,6
2010,70787,107,2,2,4
2010,70787,107,3,3,2
2010,70787,107,4,4,1
2010,70787,107,5,5,
2010,70787,107,6,6,2
2010,70787,107,7,7,
2010,70787,107,8,8,2
2010,70787,107,9,9,2
2010,70787,107,10,10,3
2010,70787,107,11,11,
2010,70787,107,12,12,4
2010,70787,107,13,13,1
2010,70787,107,14,14,
2010,70787,107,15,15,4
2010,70787,107,16,16,3
2010,70787,107,17,17,1
2010,70787,107,18,18,6
2010,70787,107,19,19,
2010,70787,107,20,20,
2010,70787,107,21,21,2
2010,70787,107,22,22,
2010,70787,107,23,23,
2010,70787,107,24,24,8
2010,70787,107,25,25,7
2010,70787,108,1,1,
2010,70787,108,2,2,
2010,70787,108,3,3,3
2010,70787,108,4,4,2
2010,70787,108,5,5,
2010,70787,108,6,6,
2010,70787,108,7,7,3
2010,70787,108,8,8,
2010,70787,108,9,9,
2010,70787,108,10,10,
2010,70787,108,11,11,
2010,70787,108,12,12,1
2010,70787,108,13,13,
2010,70787,108,14,14,1
2010,70787,108,15,15,
2010,70787,108,16,16,
2010,70787,108,17,17,
2010,70787,108,18,18,
2010,70787,108,19,19,
2010,70787,108,20,20,4
2010,70787,108,21,21,
2010,70787,108,22,22,
2010,70787,108,23,23,1
2010,70787,108,24,24,2
2010,70787,108,25,25,4
2010,70787,109,1,1,6
2010,70787,109,2,2,2
2010,70787,109,3,3,13
2010,70787,109,4,4,1
2010,70787,109,5,5,2
2010,70787,109,6,6,7
2010,70787,109,7,7,2
2010,70787,109,8,8,4
2010,70787,109,9,9,
2010,70787,109,10,10,10
2010,70787,109,11,11,4
2010,70787,109,12,12,1
2010,70787,109,13,13,7
2010,70787,109,14,14,2
2010,70787,109,15,15,4
2010,70787,109,16,16,
2010,70787,109,17,17,1
2010,70787,109,18,18,4
2010,70787,109,19,19,8
2010,70787,109,20,20,8
2010,70787,109,21,21,1
2010,70787,109,22,22,2
2010,70787,109,23,23,1
2010,70787,109,24,24,
2010,70787,109,25,25,
2010,70787,110,2,2,13
2010,70787,110,3,3,5
2010,70787,110,4,4,10
2010,70787,110,5,5,8
2010,70787,110,6,6,4
2010,70787,110,7,7,3
2010,70787,110,8,8,8
2010,70787,110,9,9,11
2010,70787,110,10,10,8
2010,70787,110,11,11,14
2010,70787,110,12,12,12
2010,70787,110,13,13,8
2010,70787,110,14,14,4
2010,70787,110,15,15,9
2010,70787,110,16,16,6
2010,70787,110,17,17,
2010,70787,110,18,18,9
2010,70787,110,19,19,14
2010,70787,110,20,20,6
2010,70787,110,21,21,11
2010,70787,110,22,22,
2010,70787,110,23,23,3
2010,70787,110,24,24,3
2010,70787,110,25,25,
2010,70787,111,1,1,29
2010,70787,111,2,2,13
2010,70787,111,3,3,14
2010,70787,111,4,4,35
2010,70787,111,5,5,32
2010,70787,111,6,6,14
2010,70787,111,7,7,15
2010,70787,111,8,8,5
2010,70787,111,9,9,15
2010,70787,111,10,10,14
2010,70787,111,11,11,7
2010,70787,111,12,12,23
2010,70787,111,13,13,23
2010,70787,111,14,14,22
2010,70787,111,15,15,9
2010,70787,111,16,16,10
2010,70787,111,17,17,26
2010,70787,111,18,18,24
2010,70787,111,19,19,8
2010,70787,111,20,20,10
2010,70787,111,21,21,5
2010,70787,111,22,22,5
2010,70787,111,23,23,5
2010,70787,111,24,24,18
2010,70787,111,25,25,11
2010,70787,112,1,1,20
2010,70787,112,2,2,20
2010,70787,112,3,3,8
2010,70787,112,4,4,16
2010,70787,112,5,5,11
2010,70787,112,6,6,14
2010,70787,112,7,7,7
2010,70787,112,8,8,10
2010,70787,112,9,9,
2010,70787,112,10,10,24
2010,70787,112,11,11,33
2010,70787,112,12,12,8
2010,70787,112,13,13,15
2010,70787,112,14,14,6
2010,70787,112,15,15,24
2010,70787,112,16,16,9
2010,70787,112,17,17,21
2010,70787,112,18,18,15
2010,70787,112,19,19,5
2010,70787,112,20,20,6
2010,70787,112,21,21,5
2010,70787,112,22,22,12
2010,70787,112,23,23,22
2010,70787,112,24,24,18
2010,70787,112,25,25,7
2010,70787,113,1,1,3
2010,70787,113,2,2,6
2010,70787,113,3,3,2
2010,70787,113,4,4,
2010,70787,113,5,5,5
2010,70787,113,6,6,1
2010,70787,113,7,7,10
2010,70787,113,8,8,
2010,70787,113,9,9,3
2010,70787,113,10,10,7
2010,70787,113,11,11,8
2010,70787,113,12,12,2
2010,70787,113,13,13,21
2010,70787,113,14,14,1
2010,70787,113,15,15,6
2010,70787,113,16,16,
2010,70787,113,17,17,13
2010,70787,113,18,18,32
2010,70787,113,19,19,24
2010,70787,113,20,20,9
2010,70787,113,21,21,13
2010,70787,113,22,22,15
2010,70787,113,23,23,18
2010,70787,113,24,24,20
2010,70787,114,1,1,3
2010,70787,114,2,2,1
2010,70787,114,3,3,1
2010,70787,114,4,4,3
2010,70787,114,5,5,1
2010,70787,114,6,6,1
2010,70787,114,7,7,1
2010,70787,114,8,8,1
2010,70787,114,9,9,15
2010,70787,114,10,10,1
2010,70787,114,11,11,24
2010,70787,114,12,12,2
2010,70787,114,13,13,
2010,70787,114,14,14,
2010,70787,114,15,15,
2010,70787,114,16,16,2
2010,70787,114,17,17,1
2010,70787,114,18,18,
2010,70787,114,19,19,2
2010,70787,114,20,20,1
2010,70787,114,21,21,1
2010,70787,114,22,22,3
2010,70787,114,23,23,1
2010,70787,114,24,24,5
2010,70787,115,1,1,14
2010,70787,115,2,2,5
2010,70787,115,3,3,6
2010,70787,115,4,4,19
2010,70787,115,5,5,13
2010,70787,115,6,6,13
2010,70787,115,7,7,1
2010,70787,115,8,8,10
2010,70787,115,9,9,
2010,70787,115,10,10,
2010,70787,115,11,11,5
2010,70787,115,12,12,22
2010,70787,115,13,13,22
2010,70787,115,14,14,6
2010,70787,115,15,15,15
2010,70787,115,16,16,3
2010,70787,115,17,17,8
2010,70787,115,18,18,5
2010,70787,115,19,19,11
2010,70787,115,20,20,1
2010,70787,115,21,21,7
2010,70787,115,22,22,3
2010,70787,115,23,23,9
2010,70787,115,24,24,11
2010,70787,115,25,25,
2010,70787,116,1,1,
2010,70787,116,2,2,
2010,70787,116,3,3,2
2010,70787,116,4,4,1
2010,70787,116,5,5,
2010,70787,116,6,6,1
2010,70787,116,7,7,5
2010,70787,116,8,8,
2010,70787,116,9,9,
2010,70787,116,10,10,
2010,70787,116,11,11,5
2010,70787,116,12,12,1
2010,70787,116,13,13,
2010,70787,116,14,14,7
2010,70787,116,15,15,9
2010,70787,116,16,16,
2010,70787,116,17,17,
2010,70787,116,18,18,10
2010,70787,116,19,19,1
2010,70787,116,20,20,
2010,70787,116,21,21,2
2010,70787,116,22,22,3
2010,70787,116,23,23,1
2010,70787,116,24,24,6
2010,70787,116,25,25,4
2010,70787,117,1,1,1
2010,70787,117,2,2,
2010,70787,117,3,3,
2010,70787,117,4,4,3
2010,70787,117,5,5,1
2010,70787,117,6,6,1
2010,70787,117,7,7,
2010,70787,117,8,8,
2010,70787,117,9,9,
2010,70787,117,10,10,
2010,70787,117,11,11,2
2010,70787,117,12,12,9
2010,70787,117,13,13,13
2010,70787,117,14,14,1
2010,70787,117,15,15,1
2010,70787,117,16,16,
2010,70787,117,17,17,1
2010,70787,117,18,18,2
2010,70787,117,19,19,
2010,70787,117,20,20,4
2010,70787,117,21,21,
2010,70787,117,22,22,1
2010,70787,117,23,23,1
2010,70787,117,24,24,5
2010,70787,117,25,25,
2010,70787,118,1,1,
2010,70787,118,2,2,
2010,70787,118,3,3,
2010,70787,118,4,4,
2010,70787,118,5,5,
2010,70787,118,6,6,3
2010,70787,118,7,7,2
2010,70787,118,8,8,
2010,70787,118,9,9,
2010,70787,118,10,10,
2010,70787,118,11,11,
2010,70787,118,12,12,
2010,70787,118,13,13,
2010,70787,118,14,14,5
2010,70787,118,15,15,1
2010,70787,118,16,16,
2010,70787,118,17,17,
2010,70787,118,18,18,
2010,70787,118,19,19,
2010,70787,118,20,20,
2010,70787,118,21,21,
2010,70787,118,22,22,
2010,70787,118,23,23,
2010,70787,118,24,24,
2010,70787,118,25,25,
2010,70787,119,1,1,
2010,70787,119,2,2,
2010,70787,119,3,3,1
2010,70787,119,4,4,6
2010,70787,119,5,5,
2010,70787,119,6,6,
2010,70787,119,7,7,1
2010,70787,119,8,8,
2010,70787,119,9,9,
2010,70787,119,10,10,1
2010,70787,119,11,11,4
2010,70787,119,12,12,4
2010,70787,119,13,13,
2010,70787,119,14,14,
2010,70787,119,15,15,1
2010,70787,119,16,16,3
2010,70787,119,17,17,4
2010,70787,119,18,18,
2010,70787,119,19,19,
2010,70787,119,20,20,
2010,70787,119,21,21,
2010,70787,119,22,22,
2010,70787,119,23,23,4
2010,70787,119,24,24,1
2010,70787,119,25,25,1
2010,70787,120,1,1,1
2010,70787,120,2,2,
2010,70787,120,3,3,5
2010,70787,120,4,4,1
2010,70787,120,5,5,9
2010,70787,120,6,6,5
2010,70787,120,7,7,1
2010,70787,120,8,8,10
2010,70787,120,9,9,7
2010,70787,120,10,10,9
2010,70787,120,11,11,15
2010,70787,120,12,12,9
2010,70787,120,13,13,4
2010,70787,120,14,14,2
2010,70787,120,15,15,17
2010,70787,120,16,16,15
2010,70787,120,17,17,4
2010,70787,120,18,18,18
2010,70787,120,19,19,21
2010,70787,120,20,20,4
2010,70787,120,21,21,18
2010,70787,120,22,22,26
2010,70787,120,23,23,19
2010,70787,120,24,24,7
2010,70787,120,25,25,22
2010,70787,121,1,1,3
2010,70787,121,2,2,3
2010,70787,121,3,3,5
2010,70787,121,4,4,3
2010,70787,121,5,5,
2010,70787,121,6,6,5
2010,70787,121,7,7,1
2010,70787,121,8,8,7
2010,70787,121,9,9,10
2010,70787,121,10,10,6
2010,70787,121,11,11,4
2010,70787,121,12,12,
2010,70787,121,13,13,
2010,70787,121,14,14,4
2010,70787,121,15,15,1
2010,70787,121,16,16,1
2010,70787,121,17,17,1
2010,70787,121,18,18,
2010,70787,121,19,19,3
2010,70787,121,20,20,8
2010,70787,121,21,21,5
2010,70787,121,22,22,2
2010,70787,121,23,23,
2010,70787,121,24,24,11
2010,70787,121,25,25,6
2010,70787,122,1,1,2
2010,70787,122,2,2,5
2010,70787,122,3,3,4
2010,70787,122,4,4,
2010,70787,122,5,5,1
2010,70787,122,6,6,1
2010,70787,122,7,7,2
2010,70787,122,8,8,
2010,70787,122,9,9,
2010,70787,122,10,10,
2010,70787,122,11,11,6
2010,70787,122,12,12,2
2010,70787,122,13,13,
2010,70787,122,14,14,5
2010,70787,122,15,15,8
2010,70787,122,16,16,2
2010,70787,122,17,17,3
2010,70787,122,18,18,4
2010,70787,122,19,19,1
2010,70787,122,20,20,6
2010,70787,122,21,21,4
2010,70787,122,22,22,
2010,70787,122,23,23,
2010,70787,122,24,24,
2010,70787,122,25,25,
2010,70787,123,1,1,11
2010,70787,123,2,2,12
2010,70787,123,3,3,31
2010,70787,123,4,4,12
2010,70787,123,5,5,8
2010,70787,123,6,6,13
2010,70787,123,7,7,15
2010,70787,123,8,8,25
2010,70787,123,9,9,19
2010,70787,123,10,10,17
2010,70787,123,11,11,12
2010,70787,123,12,12,12
2010,70787,123,13,13,11
2010,70787,123,14,14,15
2010,70787,123,15,15,12
2010,70787,123,16,16,25
2010,70787,123,17,17,16
2010,70787,123,18,18,12
2010,70787,123,19,19,20
2010,70787,123,20,20,22
2010,70787,123,21,21,15
2010,70787,123,22,22,35
2010,70787,123,23,23,23
2010,70787,123,24,24,29
2010,70787,123,25,25,7
2010,70787,124,1,1,
2010,70787,124,2,2,8
2010,70787,124,3,3,2
2010,70787,124,4,4,
2010,70787,124,5,5,1
2010,70787,124,6,6,7
2010,70787,124,7,7,12
2010,70787,124,8,8,5
2010,70787,124,9,9,6
2010,70787,124,10,10,
2010,70787,124,11,11,
2010,70787,124,12,12,7
2010,70787,124,13,13,25
2010,70787,124,14,14,4
2010,70787,124,15,15,5
2010,70787,124,16,16,
2010,70787,124,17,17,
2010,70787,124,18,18,
2010,70787,124,19,19,
2010,70787,124,20,20,4
2010,70787,124,21,21,
2010,70787,124,22,22,1
2010,70787,124,23,23,6
2010,70787,124,24,24,8
2010,70787,124,25,25,4
2010,70787,125,1,1,7
2010,70787,125,2,2,2
2010,70787,125,3,3,2
2010,70787,125,4,4,1
2010,70787,125,5,5,1
2010,70787,125,6,6,
2010,70787,125,7,7,14
2010,70787,125,8,8,1
2010,70787,125,9,9,2
2010,70787,125,10,10,4
2010,70787,125,11,11,6
2010,70787,125,12,12,1
2010,70787,125,13,13,7
2010,70787,125,14,14,6
2010,70787,125,15,15,5
2010,70787,125,16,16,12
2010,70787,125,17,17,6
2010,70787,125,18,18,2
2010,70787,125,19,19,3
2010,70787,125,20,20,2
2010,70787,125,21,21,6
2010,70787,125,22,22,
2010,70787,125,23,23,16
2010,70787,125,24,24,2
2010,70787,125,25,25,3
2010,70787,126,1,1,2
2010,70787,126,2,2,4
2010,70787,126,3,3,9
2010,70787,126,4,4,
2010,70787,126,5,5,9
2010,70787,126,6,6,2
2010,70787,126,7,7,7
2010,70787,126,8,8,2
2010,70787,126,9,9,9
2010,70787,126,10,10,3
2010,70787,126,11,11,7
2010,70787,126,12,12,4
2010,70787,126,13,13,8
2010,70787,126,14,14,3
2010,70787,126,15,15,13
2010,70787,126,16,16,5
2010,70787,126,17,17,18
2010,70787,126,18,18,9
2010,70787,126,19,19,10
2010,70787,126,20,20,
2010,70787,126,21,21,12
2010,70787,126,22,22,10
2010,70787,126,23,23,2
2010,70787,126,24,24,
2010,70787,126,25,25,
2010,70787,127,1,1,1
2010,70787,127,2,2,3
2010,70787,127,3,3,5
2010,70787,127,4,4,1
2010,70787,127,5,5,
2010,70787,127,6,6,7
2010,70787,127,7,7,2
2010,70787,127,8,8,1
2010,70787,127,9,9,4
2010,70787,127,10,10,
2010,70787,127,11,11,7
2010,70787,127,12,12,
2010,70787,127,13,13,1
2010,70787,127,14,14,3
2010,70787,127,15,15,8
2010,70787,127,16,16,2
2010,70787,127,17,17,
2010,70787,127,18,18,
2010,70787,127,19,19,
2010,70787,127,20,20,
2010,70787,127,21,21,3
2010,70787,127,22,22,
2010,70787,127,23,23,4
2010,70787,127,24,24,
2010,70787,127,25,25,2
2010,70787,128,1,1,
2010,70787,128,2,2,2
2010,70787,128,3,3,1
2010,70787,128,4,4,1
2010,70787,128,5,5,2
2010,70787,128,6,6,
2010,70787,128,7,7,
2010,70787,128,8,8,4
2010,70787,128,9,9,4
2010,70787,128,10,10,
2010,70787,128,11,11,3
2010,70787,128,12,12,3
2010,70787,128,13,13,
2010,70787,128,14,14,4
2010,70787,128,15,15,1
2010,70787,128,16,16,3
2010,70787,128,17,17,
2010,70787,128,18,18,4
2010,70787,128,19,19,2
2010,70787,128,20,20,2
2010,70787,128,21,21,3
2010,70787,128,22,22,2
2010,70787,128,23,23,1
2010,70787,128,24,24,
2010,70787,128,25,25,4
2010,70787,129,1,1,
2010,70787,129,2,2,
2010,70787,129,3,3,
2010,70787,129,4,4,
2010,70787,129,5,5,
2010,70787,129,6,6,1
2010,70787,129,7,7,
2010,70787,129,8,8,
2010,70787,129,9,9,
2010,70787,129,10,10,
2010,70787,129,11,11,2
2010,70787,129,12,12,
2010,70787,129,13,13,1
2010,70787,129,14,14,
2010,70787,129,15,15,
2010,70787,129,16,16,
2010,70787,129,17,17,
2010,70787,129,18,18,
2010,70787,129,19,19,
2010,70787,129,20,20,
2010,70787,129,21,21,
2010,70787,129,22,22,2
2010,70787,129,23,23,1
2010,70787,129,24,24,1
2010,70787,129,25,25,
2010,70787,130,1,1,1
2010,70787,130,2,2,5
2010,70787,130,3,3,3
2010,70787,130,4,4,12
2010,70787,130,5,5,1
2010,70787,130,6,6,1
2010,70787,130,7,7,
2010,70787,130,8,8,1
2010,70787,130,9,9,
2010,70787,130,10,10,
2010,70787,130,11,11,3
2010,70787,130,12,12,
2010,70787,130,13,13,2
2010,70787,130,14,14,
2010,70787,130,15,15,
2010,70787,130,16,16,6
2010,70787,130,17,17,13
2010,70787,130,18,18,
2010,70787,130,19,19,6
2010,70787,130,20,20,
2010,70787,130,21,21,3
2010,70787,130,22,22,
2010,70787,130,23,23,
2010,70787,130,24,24,
2010,70787,130,25,25,
2010,70787,131,1,1,
2010,70787,131,2,2,1
2010,70787,131,3,3,3
2010,70787,131,4,4,4
2010,70787,131,5,5,2
2010,70787,131,6,6,3
2010,70787,131,7,7,
2010,70787,131,8,8,1
2010,70787,131,9,9,
2010,70787,131,10,10,
2010,70787,131,11,11,
2010,70787,131,12,12,3
2010,70787,131,13,13,
2010,70787,131,14,14,
2010,70787,131,15,15,
2010,70787,131,16,16,
2010,70787,131,17,17,
2010,70787,131,18,18,1
2010,70787,131,19,19,
2010,70787,131,20,20,
2010,70787,131,21,21,
2010,70787,131,22,22,
2010,70787,131,23,23,
2010,70787,131,24,24,
2010,70787,131,25,25,
2010,70787,132,1,1,3
2010,70787,132,2,2,
2010,70787,132,3,3,1
2010,70787,132,4,4,
2010,70787,132,5,5,
2010,70787,132,6,6,
2010,70787,132,7,7,
2010,70787,132,8,8,3
2010,70787,132,9,9,
2010,70787,132,10,10,
2010,70787,132,11,11,1
2010,70787,132,12,12,
2010,70787,132,13,13,
2010,70787,132,14,14,
2010,70787,132,15,15,5
2010,70787,132,16,16,
2010,70787,132,17,17,
2010,70787,132,18,18,2
2010,70787,132,19,19,6
2010,70787,132,20,20,1
2010,70787,132,21,21,3
2010,70787,132,22,22,
2010,70787,132,23,23,1
2010,70787,132,24,24,
2010,70787,132,25,25,
2010,70787,133,1,1,2
2010,70787,133,2,2,11
2010,70787,133,3,3,7
2010,70787,133,4,4,3
2010,70787,133,5,5,13
2010,70787,133,6,6,6
2010,70787,133,7,7,7
2010,70787,133,8,8,9
2010,70787,133,9,9,1
2010,70787,133,10,10,6
2010,70787,133,11,11,12
2010,70787,133,12,12,11
2010,70787,133,13,13,2
2010,70787,133,14,14,4
2010,70787,133,15,15,
2010,70787,133,16,16,7
2010,70787,133,17,17,8
2010,70787,133,18,18,
2010,70787,133,19,19,
2010,70787,133,20,20,
2010,70787,133,21,21,3
2010,70787,133,22,22,2
2010,70787,133,23,23,2
2010,70787,133,24,24,1
2010,70787,133,25,25,6
2010,70787,134,1,1,1
2010,70787,134,2,2,14
2010,70787,134,3,3,8
2010,70787,134,4,4,13
2010,70787,134,5,5,15
2010,70787,134,6,6,12
2010,70787,134,7,7,2
2010,70787,134,8,8,6
2010,70787,134,9,9,4
2010,70787,134,10,10,21
2010,70787,134,11,11,16
2010,70787,134,12,12,11
2010,70787,134,13,13,16
2010,70787,134,14,14,3
2010,70787,134,15,15,7
2010,70787,134,16,16,10
2010,70787,134,17,17,12
2010,70787,134,18,18,7
2010,70787,134,19,19,18
2010,70787,134,20,20,23
2010,70787,134,21,21,22
2010,70787,134,22,22,22
2010,70787,134,23,23,21
2010,70787,134,24,24,26
2010,70787,135,1,1,27
2010,70787,135,2,2,44
2010,70787,135,3,3,27
2010,70787,135,4,4,29
2010,70787,135,5,5,3
2010,70787,135,6,6,
2010,70787,135,7,7,11
2010,70787,135,8,8,3
2010,70787,135,9,9,
2010,70787,135,10,10,
2010,70787,135,11,11,32
2010,70787,135,12,12,35
2010,70787,135,13,13,75
2010,70787,135,14,14,51
2010,70787,135,15,15,70
2010,70787,135,16,16,51
2010,70787,135,17,17,3
2010,70787,135,18,18,53
2010,70787,135,19,19,31
2010,70787,135,20,20,17
2010,70787,135,21,21,29
2010,70787,135,22,22,17
2010,70787,135,23,23,9
2010,70787,135,24,24,
2010,70787,135,25,25,
2010,70787,136,1,1,37
2010,70787,136,2,2,60
2010,70787,136,3,3,9
2010,70787,136,4,4,19
2010,70787,136,5,5,1
2010,70787,136,6,6,22
2010,70787,136,7,7,11
2010,70787,136,8,8,50
2010,70787,136,9,9,2
2010,70787,136,10,10,13
2010,70787,136,11,11,11
2010,70787,136,12,12,14
2010,70787,136,13,13,5
2010,70787,136,14,14,13
2010,70787,136,15,15,2
2010,70787,136,16,16,
2010,70787,136,17,17,45
2010,70787,136,18,18,9
2010,70787,136,19,19,15
2010,70787,136,20,20,25
2010,70787,136,21,21,
2010,70787,136,22,22,8
2010,70787,136,23,23,
2010,70787,136,24,24,16
2010,70787,136,25,25,6
2010,70787,137,1,1,6
2010,70787,137,2,2,
2010,70787,137,3,3,
2010,70787,137,4,4,3
2010,70787,137,5,5,
2010,70787,137,6,6,
2010,70787,137,7,7,
2010,70787,137,8,8,
2010,70787,137,9,9,28
2010,70787,137,10,10,
2010,70787,137,11,11,1
2010,70787,137,12,12,21
2010,70787,137,13,13,13
2010,70787,137,14,14,11
2010,70787,137,15,15,46
2010,70787,137,16,16,
2010,70787,137,17,17,8
2010,70787,137,18,18,1
2010,70787,137,19,19,42
2010,70787,137,20,20,14
2010,70787,137,21,21,6
2010,70787,137,22,22,2
2010,70787,137,23,23,
2010,70787,137,24,24,1
2010,70787,137,25,25,
2010,70787,138,1,1,
2010,70787,138,2,2,
2010,70787,138,3,3,
2010,70787,138,4,4,2
2010,70787,138,5,5,3
2010,70787,138,6,6,
2010,70787,138,7,7,1
2010,70787,138,8,8,
2010,70787,138,9,9,3
2010,70787,138,10,10,
2010,70787,138,11,11,1
2010,70787,138,12,12,
2010,70787,138,13,13,2
2010,70787,138,14,14,1
2010,70787,138,15,15,
2010,70787,138,16,16,
2010,70787,138,17,17,5
2010,70787,138,18,18,
2010,70787,138,19,19,
2010,70787,138,20,20,1
2010,70787,138,21,21,2
2010,70787,138,22,22,
2010,70787,138,23,23,
2010,70787,138,24,24,
2010,70787,138,25,25,
2010,70787,139,1,1,24
2010,70787,139,2,2,
2010,70787,139,3,3,22
2010,70787,139,4,4,19
2010,70787,139,5,5,10
2010,70787,139,6,6,52
2010,70787,139,7,7,31
2010,70787,139,8,8,71
2010,70787,139,9,9,14
2010,70787,139,10,10,61
2010,70787,139,11,11,25
2010,70787,139,12,12,35
2010,70787,139,13,13,8
2010,70787,139,14,14,45
2010,70787,139,15,15,
2010,70787,139,16,16,27
2010,70787,139,17,17,
2010,70787,139,18,18,10
2010,70787,139,19,19,11
2010,70787,139,20,20,17
2010,70787,139,21,21,38
2010,70787,139,22,22,13
2010,70787,139,23,23,6
2010,70787,139,24,24,16
2010,70787,139,25,25,17
2010,70787,140,1,1,15
2010,70787,140,2,2,3
2010,70787,140,3,3,4
2010,70787,140,4,4,12
2010,70787,140,5,5,7
2010,70787,140,6,6,18
2010,70787,140,7,7,1
2010,70787,140,8,8,14
2010,70787,140,9,9,36
2010,70787,140,10,10,
2010,70787,140,11,11,27
2010,70787,140,12,12,25
2010,70787,140,13,13,26
2010,70787,140,14,14,56
2010,70787,140,15,15,30
2010,70787,140,16,16,7
2010,70787,140,17,17,2
2010,70787,140,18,18,17
2010,70787,140,19,19,10
2010,70787,140,20,20,62
2010,70787,140,21,21,1
2010,70787,140,22,22,17
2010,70787,140,23,23,30
2010,70787,140,24,24,43
2010,70787,140,25,25,9
2010,70787,141,1,1,
2010,70787,141,2,2,27
2010,70787,141,3,3,23
2010,70787,141,4,4,31
2010,70787,141,5,5,49
2010,70787,141,6,6,23
2010,70787,141,7,7,3
2010,70787,141,8,8,19
2010,70787,141,9,9,23
2010,70787,141,10,10,29
2010,70787,141,11,11,72
2010,70787,141,12,12,47
2010,70787,141,13,13,4
2010,70787,141,14,14,58
2010,70787,141,15,15,26
2010,70787,141,16,16,41
2010,70787,141,17,17,18
2010,70787,141,18,18,19
2010,70787,141,19,19,23
2010,70787,141,20,20,36
2010,70787,141,21,21,23
2010,70787,141,22,22,28
2010,70787,141,23,23,50
2010,70787,141,24,24,32
2010,70787,141,25,25,29
2010,70787,142,1,1,23
2010,70787,142,2,2,18
2010,70787,142,3,3,9
2010,70787,142,4,4,20
2010,70787,142,5,5,52
2010,70787,142,6,6,55
2010,70787,142,7,7,28
2010,70787,142,8,8,56
2010,70787,142,9,9,76
2010,70787,142,10,10,41
2010,70787,142,11,11,53
2010,70787,142,12,12,31
2010,70787,142,13,13,33
2010,70787,142,14,14,51
2010,70787,142,15,15,23
2010,70787,142,16,16,43
2010,70787,142,17,17,34
2010,70787,142,18,18,47
2010,70787,142,19,19,38
2010,70787,142,20,20,51
2010,70787,142,21,21,25
2010,70787,142,22,22,58
2010,70787,142,23,23,26
2010,70787,142,24,24,48
2010,70787,142,25,25,49
2010,70787,143,1,1,43
2010,70787,143,2,2,12
2010,70787,143,3,3,72
2010,70787,143,4,4,27
2010,70787,143,5,5,32
2010,70787,143,6,6,34
2010,70787,143,7,7,15
2010,70787,143,8,8,24
2010,70787,143,9,9,27
2010,70787,143,10,10,29
2010,70787,143,11,11,28
2010,70787,143,12,12,11
2010,70787,143,13,13,20
2010,70787,143,14,14,11
2010,70787,143,15,15,18
2010,70787,143,16,16,11
2010,70787,143,17,17,11
2010,70787,143,18,18,90
2010,70787,143,19,19,59
2010,70787,143,20,20,26
2010,70787,143,21,21,32
2010,70787,143,22,22,
2010,70787,143,23,23,50
2010,70787,143,24,24,37
2010,70787,144,1,1,2
2010,70787,144,2,2,13
2010,70787,144,3,3,12
2010,70787,144,4,4,9
2010,70787,144,5,5,5
2010,70787,144,6,6,4
2010,70787,144,7,7,1
2010,70787,144,8,8,10
2010,70787,144,9,9,24
2010,70787,144,10,10,
2010,70787,144,11,11,8
2010,70787,144,12,12,32
2010,70787,144,13,13,
2010,70787,144,14,14,6
2010,70787,144,15,15,3
2010,70787,144,16,16,
2010,70787,144,17,17,4
2010,70787,144,18,18,
2010,70787,144,19,19,1
2010,70787,144,20,20,23
2010,70787,144,21,21,
2010,70787,144,22,22,3
2010,70787,144,23,23,13
2010,70787,144,24,24,7
2010,70787,144,25,25,4
2010,70787,145,1,1,2
2010,70787,145,2,2,
2010,70787,145,3,3,
2010,70787,145,4,4,2
2010,70787,145,5,5,6
2010,70787,145,6,6,2
2010,70787,145,7,7,
2010,70787,145,8,8,3
2010,70787,145,9,9,
2010,70787,145,10,10,
2010,70787,145,11,11,
2010,70787,145,12,12,1
2010,70787,145,13,13,23
2010,70787,145,14,14,33
2010,70787,145,15,15,20
2010,70787,145,16,16,
2010,70787,145,17,17,11
2010,70787,145,18,18,19
2010,70787,145,19,19,20
2010,70787,145,20,20,10
2010,70787,145,21,21,19
2010,70787,145,22,22,4
2010,70787,145,23,23,14
2010,70787,145,24,24,19
2010,70787,145,25,25,11
2010,70787,146,1,1,49
2010,70787,146,2,2,47
2010,70787,146,3,3,17
2010,70787,146,4,4,43
2010,70787,146,5,5,32
2010,70787,146,6,6,10
2010,70787,146,7,7,7
2010,70787,146,8,8,41
2010,70787,146,9,9,20
2010,70787,146,10,10,1
2010,70787,146,11,11,16
2010,70787,146,12,12,12
2010,70787,146,13,13,35
2010,70787,146,14,14,27
2010,70787,146,15,15,40
2010,70787,146,16,16,12
2010,70787,146,17,17,9
2010,70787,146,18,18,18
2010,70787,146,19,19,17
2010,70787,146,20,20,26
2010,70787,146,21,21,27
2010,70787,146,22,22,22
2010,70787,146,23,23,2
2010,70787,146,24,24,10
2010,70787,146,25,25,9
2010,70787,147,1,1,9
2010,70787,147,2,2,1
2010,70787,147,3,3,12
2010,70787,147,4,4,3
2010,70787,147,5,5,14
2010,70787,147,6,6,8
2010,70787,147,7,7,11
2010,70787,147,8,8,4
2010,70787,147,9,9,14
2010,70787,147,10,10,10
2010,70787,147,11,11,7
2010,70787,147,12,12,8
2010,70787,147,13,13,11
2010,70787,147,14,14,11
2010,70787,147,15,15,1
2010,70787,147,16,16,7
2010,70787,147,17,17,7
2010,70787,147,18,18,20
2010,70787,147,19,19,27
2010,70787,147,20,20,17
2010,70787,147,21,21,15
2010,70787,147,22,22,19
2010,70787,147,23,23,14
2010,70787,147,24,24,32
2010,70787,147,25,25,
2010,70787,148,1,1,11
2010,70787,148,2,2,17
2010,70787,148,3,3,14
2010,70787,148,4,4,7
2010,70787,148,5,5,8
2010,70787,148,6,6,10
2010,70787,148,7,7,11
2010,70787,148,8,8,11
2010,70787,148,9,9,37
2010,70787,148,10,10,29
2010,70787,148,11,11,25
2010,70787,148,12,12,10
2010,70787,148,13,13,2
2010,70787,148,14,14,43
2010,70787,148,15,15,40
2010,70787,148,16,16,20
2010,70787,148,17,17,8
2010,70787,148,18,18,8
2010,70787,148,19,19,16
2010,70787,148,20,20,3
2010,70787,148,21,21,
2010,70787,148,22,22,7
2010,70787,148,23,23,14
2010,70787,148,24,24,24
2010,70787,148,25,25,3
2010,70787,149,1,1,
2010,70787,149,2,2,2
2010,70787,149,3,3,2
2010,70787,149,4,4,
2010,70787,149,5,5,
2010,70787,149,6,6,2
2010,70787,149,7,7,9
2010,70787,149,8,8,2
2010,70787,149,9,9,11
2010,70787,149,10,10,
2010,70787,149,11,11,
2010,70787,149,12,12,8
2010,70787,149,13,13,
2010,70787,149,14,14,
2010,70787,149,15,15,4
2010,70787,149,16,16,1
2010,70787,149,17,17,
2010,70787,149,18,18,36
2010,70787,149,19,19,
2010,70787,149,20,20,
2010,70787,149,21,21,2
2010,70787,149,22,22,2
2010,70787,149,23,23,
2010,70787,149,24,24,8
2010,70787,149,25,25,13
2010,70787,150,1,1,19
2010,70787,150,2,2,5
2010,70787,150,3,3,11
2010,70787,150,4,4,19
2010,70787,150,5,5,11
2010,70787,150,6,6,13
2010,70787,150,7,7,24
2010,70787,150,8,8,21
2010,70787,150,9,9,14
2010,70787,150,10,10,50
2010,70787,150,11,11,
2010,70787,150,12,12,
2010,70787,150,13,13,22
2010,70787,150,14,14,27
2010,70787,150,15,15,3
2010,70787,150,16,16,29
2010,70787,150,17,17,25
2010,70787,150,18,18,4
2010,70787,150,19,19,6
2010,70787,150,20,20,2
2010,70787,150,21,21,
2010,70787,150,22,22,
2010,70787,150,23,23,1
2010,70787,150,24,24,
2010,70787,150,25,25,
2010,70787,151,1,1,4
2010,70787,151,2,2,
2010,70787,151,3,3,6
2010,70787,151,4,4,4
2010,70787,151,5,5,3
2010,70787,151,6,6,4
2010,70787,151,7,7,
2010,70787,151,8,8,
2010,70787,151,9,9,
2010,70787,151,10,10,2
2010,70787,151,11,11,1
2010,70787,151,12,12,
2010,70787,151,13,13,31
2010,70787,151,14,14,1
2010,70787,151,15,15,
2010,70787,151,16,16,2
2010,70787,151,17,17,1
2010,70787,151,18,18,2
2010,70787,151,19,19,3
2010,70787,151,20,20,28
2010,70787,151,21,21,15
2010,70787,151,22,22,4
2010,70787,151,23,23,1
2010,70787,151,24,24,11
2010,70787,151,25,25,1
2010,70787,152,1,1,10
2010,70787,152,2,2,6
2010,70787,152,3,3,
2010,70787,152,4,4,6
2010,70787,152,5,5,5
2010,70787,152,6,6,10
2010,70787,152,7,7,1
2010,70787,152,8,8,
2010,70787,152,9,9,10
2010,70787,152,10,10,2
2010,70787,152,11,11,2
2010,70787,152,12,12,2
2010,70787,152,13,13,1
2010,70787,152,14,14,3
2010,70787,152,15,15,1
2010,70787,152,16,16,11
2010,70787,152,17,17,3
2010,70787,152,18,18,12
2010,70787,152,19,19,12
2010,70787,152,20,20,19
2010,70787,152,21,21,15
2010,70787,152,22,22,6
2010,70787,152,23,23,5
2010,70787,152,24,24,1
2010,70787,152,25,25,10
2010,70787,153,1,1,4
2010,70787,153,2,2,
2010,70787,153,3,3,1
2010,70787,153,4,4,3
2010,70787,153,5,5,1
2010,70787,153,6,6,
2010,70787,153,7,7,4
2010,70787,153,8,8,2
2010,70787,153,9,9,17
2010,70787,153,10,10,4
2010,70787,153,11,11,1
2010,70787,153,12,12,8
2010,70787,153,13,13,10
2010,70787,153,14,14,9
2010,70787,153,15,15,
2010,70787,153,16,16,36
2010,70787,153,17,17,13
2010,70787,153,18,18,7
2010,70787,153,19,19,15
2010,70787,153,20,20,21
2010,70787,153,21,21,
2010,70787,153,22,22,2
2010,70787,153,23,23,
2010,70787,153,24,24,12
2010,70787,153,25,25,12
